escola,estudante,desempenho,horas,texp,priv
A,1,35.4000015258789,11.0,2.0,pública
A,2,74.8999938964844,23.0,2.0,pública
A,3,86.6999969482422,25.0,2.0,pública
A,4,53.6999969482422,14.0,2.0,pública
A,5,79.6999969482422,24.0,2.0,pública
A,6,41.7000007629395,11.0,2.0,pública
A,7,10.5,5.0,2.0,pública
A,8,30.1000003814697,7.0,2.0,pública
A,9,22.8999996185303,9.0,2.0,pública
A,10,90.1000061035156,28.0,2.0,pública
A,11,45.7000007629395,15.0,2.0,pública
A,12,64.5,20.0,2.0,pública
A,13,89.0999984741211,25.0,2.0,pública
A,14,76.1999969482422,26.0,2.0,pública
A,15,86.6999969482422,26.0,2.0,pública
A,16,77.2000045776367,26.0,2.0,pública
A,17,83.8000030517578,25.0,2.0,pública
A,18,40.4000015258789,13.0,2.0,pública
A,19,26.9000015258789,11.0,2.0,pública
A,20,75.5,23.0,2.0,pública
A,21,57.6000022888184,21.0,2.0,pública
A,22,37.2999992370605,13.0,2.0,pública
A,23,46.1999969482422,17.0,2.0,pública
A,24,37.5999984741211,12.0,2.0,pública
A,25,32.1999969482422,13.0,2.0,pública
A,26,90.6000061035156,28.0,2.0,pública
A,27,33.2999992370605,13.0,2.0,pública
A,28,36.9000015258789,14.0,2.0,pública
A,29,38.0999984741211,15.0,2.0,pública
A,30,45.0,15.0,2.0,pública
A,31,29.3000011444092,11.0,2.0,pública
A,32,21.0,9.0,2.0,pública
A,33,51.5999984741211,19.0,2.0,pública
A,34,56.5,18.0,2.0,pública
A,35,58.6999969482422,16.0,2.0,pública
A,36,31.0999984741211,8.0,2.0,pública
A,37,52.2999992370605,14.0,2.0,pública
A,38,23.8000011444092,8.0,2.0,pública
A,39,24.5,9.0,2.0,pública
A,40,47.8000030517578,13.0,2.0,pública
A,41,28.9000015258789,6.0,2.0,pública
A,42,25.3999996185303,11.0,2.0,pública
A,43,65.3000030517578,20.0,2.0,pública
A,44,36.1000022888184,12.0,2.0,pública
A,45,86.0,27.0,2.0,pública
A,46,58.6999969482422,20.0,2.0,pública
A,47,24.7999992370605,9.0,2.0,pública
B,48,41.0,13.0,2.0,pública
B,49,57.6000022888184,17.0,2.0,pública
B,50,73.4000015258789,20.0,2.0,pública
B,51,84.0999984741211,29.0,2.0,pública
B,52,49.0999984741211,18.0,2.0,pública
B,53,57.2999992370605,18.0,2.0,pública
B,54,80.6000061035156,23.0,2.0,pública
B,55,44.4000015258789,13.0,2.0,pública
B,56,49.7999992370605,12.0,2.0,pública
B,57,82.2999954223633,23.0,2.0,pública
B,58,33.0999984741211,10.0,2.0,pública
B,59,28.6999988555908,12.0,2.0,pública
B,60,76.1999969482422,26.0,2.0,pública
B,61,49.4000015258789,16.0,2.0,pública
B,62,26.0999984741211,9.0,2.0,pública
B,63,79.3999938964844,25.0,2.0,pública
B,64,84.3999938964844,26.0,2.0,pública
B,65,71.1999969482422,22.0,2.0,pública
B,66,77.7000045776367,24.0,2.0,pública
B,67,89.7999954223633,24.0,2.0,pública
B,68,50.1000022888184,13.0,2.0,pública
B,69,81.1999969482422,25.0,2.0,pública
B,70,41.7999992370605,13.0,2.0,pública
B,71,96.0,28.0,2.0,pública
B,72,65.1999969482422,20.0,2.0,pública
C,73,54.7999992370605,20.0,2.0,pública
C,74,30.7999992370605,7.0,2.0,pública
C,75,32.8000030517578,11.0,2.0,pública
C,76,94.7999954223633,27.0,2.0,pública
C,77,42.1999969482422,16.0,2.0,pública
C,78,36.3999977111816,13.0,2.0,pública
C,79,22.3999996185303,7.0,2.0,pública
C,80,35.2999992370605,11.0,2.0,pública
C,81,37.9000015258789,13.0,2.0,pública
C,82,36.3999977111816,14.0,2.0,pública
C,83,28.2999992370605,9.0,2.0,pública
C,84,92.0,26.0,2.0,pública
C,85,24.7000007629395,6.0,2.0,pública
C,86,18.5,7.0,2.0,pública
C,87,33.5,12.0,2.0,pública
C,88,28.8000011444092,12.0,2.0,pública
C,89,50.5,18.0,2.0,pública
C,90,35.7000007629395,11.0,2.0,pública
C,91,36.6000022888184,10.0,2.0,pública
C,92,39.4000015258789,15.0,2.0,pública
C,93,54.0,14.0,2.0,pública
C,94,53.6000022888184,17.0,2.0,pública
C,95,53.4000015258789,17.0,2.0,pública
C,96,37.2999992370605,12.0,2.0,pública
C,97,38.0999984741211,12.0,2.0,pública
C,98,27.8999996185303,12.0,2.0,pública
C,99,36.7000007629395,14.0,2.0,pública
C,100,61.7000007629395,18.0,2.0,pública
C,101,41.7000007629395,14.0,2.0,pública
C,102,75.2000045776367,25.0,2.0,pública
C,103,59.2999992370605,19.0,2.0,pública
C,104,21.9000015258789,7.0,2.0,pública
C,105,15.3999996185303,5.0,2.0,pública
C,106,59.5999984741211,15.0,2.0,pública
C,107,37.9000015258789,14.0,2.0,pública
C,108,45.5999984741211,16.0,2.0,pública
C,109,45.7000007629395,12.0,2.0,pública
C,110,32.1999969482422,11.0,2.0,pública
C,111,59.6999969482422,18.0,2.0,pública
C,112,47.3999977111816,13.0,2.0,pública
C,113,60.1000022888184,18.0,2.0,pública
C,114,38.8999977111816,14.0,2.0,pública
C,115,64.8999938964844,17.0,2.0,pública
C,116,44.4000015258789,11.0,2.0,pública
C,117,39.5999984741211,14.0,2.0,pública
C,118,38.8999977111816,15.0,2.0,pública
C,119,47.1999969482422,18.0,2.0,pública
C,120,59.2000007629395,15.0,2.0,pública
D,121,66.4000015258789,20.0,9.0,privada
D,122,68.4000015258789,19.0,9.0,privada
D,123,67.9000015258789,19.0,9.0,privada
D,124,68.5,21.0,9.0,privada
D,125,95.5,26.0,9.0,privada
D,126,54.7999992370605,14.0,9.0,privada
D,127,96.5999984741211,29.0,9.0,privada
D,128,74.2999954223633,21.0,9.0,privada
D,129,74.4000015258789,23.0,9.0,privada
D,130,100.0,30.0,9.0,privada
D,131,73.3000030517578,19.0,9.0,privada
D,132,75.0,22.0,9.0,privada
D,133,58.6999969482422,18.0,9.0,privada
D,134,78.9000015258789,22.0,9.0,privada
D,135,88.9000015258789,25.0,9.0,privada
D,136,47.0999984741211,15.0,9.0,privada
D,137,35.7999992370605,10.0,9.0,privada
D,138,92.6000061035156,27.0,9.0,privada
D,139,90.0,26.0,9.0,privada
D,140,93.4000015258789,27.0,9.0,privada
E,141,55.3000030517578,17.0,9.0,privada
E,142,44.2000007629395,14.0,9.0,privada
E,143,32.1999969482422,11.0,9.0,privada
E,144,79.7000045776367,26.0,9.0,privada
E,145,77.9000015258789,25.0,9.0,privada
E,146,71.0999984741211,23.0,9.0,privada
E,147,60.7000007629395,19.0,9.0,privada
E,148,50.7999992370605,18.0,9.0,privada
E,149,48.6000022888184,18.0,9.0,privada
E,150,49.8999977111816,15.0,9.0,privada
E,151,79.7000045776367,25.0,9.0,privada
E,152,85.2999954223633,28.0,9.0,privada
E,153,53.6999969482422,19.0,9.0,privada
E,154,45.0,16.0,9.0,privada
E,155,51.3999977111816,18.0,9.0,privada
E,156,75.8000030517578,25.0,9.0,privada
E,157,79.7000045776367,26.0,9.0,privada
E,158,86.4000015258789,29.0,9.0,privada
E,159,50.1000022888184,16.0,9.0,privada
E,160,67.6999969482422,22.0,9.0,privada
E,161,49.0,18.0,9.0,privada
E,162,38.6999969482422,13.0,9.0,privada
E,163,57.7000007629395,18.0,9.0,privada
E,164,56.7999992370605,18.0,9.0,privada
E,165,47.5,18.0,9.0,privada
E,166,48.2999992370605,15.0,9.0,privada
E,167,38.5,12.0,9.0,privada
E,168,50.2000007629395,18.0,9.0,privada
E,169,51.5,16.0,9.0,privada
E,170,42.1999969482422,13.0,9.0,privada
E,171,39.0,14.0,9.0,privada
E,172,27.7999992370605,12.0,9.0,privada
E,173,63.6999969482422,21.0,9.0,privada
E,174,67.9000015258789,21.0,9.0,privada
E,175,45.3000030517578,14.0,9.0,privada
E,176,63.0,22.0,9.0,privada
E,177,42.5,16.0,9.0,privada
E,178,51.7999992370605,18.0,9.0,privada
E,179,32.2999992370605,12.0,9.0,privada
E,180,69.5999984741211,22.0,9.0,privada
E,181,41.5999984741211,15.0,9.0,privada
E,182,52.2999992370605,17.0,9.0,privada
E,183,72.7000045776367,22.0,9.0,privada
E,184,76.5,23.0,9.0,privada
E,185,47.2999992370605,17.0,9.0,privada
E,186,76.4000015258789,26.0,9.0,privada
E,187,31.5,10.0,9.0,privada
E,188,72.3999938964844,22.0,9.0,privada
F,189,24.7000007629395,5.0,2.0,pública
F,190,41.5999984741211,13.0,2.0,pública
F,191,73.3000030517578,19.0,2.0,pública
F,192,61.9000015258789,16.0,2.0,pública
F,193,61.7999992370605,17.0,2.0,pública
F,194,72.0,22.0,2.0,pública
F,195,26.1999988555908,7.0,2.0,pública
F,196,51.1000022888184,13.0,2.0,pública
F,197,80.2999954223633,22.0,2.0,pública
F,198,29.4000015258789,10.0,2.0,pública
F,199,60.1000022888184,19.0,2.0,pública
F,200,40.2000007629395,13.0,2.0,pública
F,201,28.5,12.0,2.0,pública
F,202,71.5999984741211,21.0,2.0,pública
F,203,47.7000007629395,17.0,2.0,pública
F,204,27.0,9.0,2.0,pública
F,205,52.7000007629395,14.0,2.0,pública
F,206,40.1000022888184,15.0,2.0,pública
F,207,82.0999984741211,22.0,2.0,pública
F,208,47.7000007629395,18.0,2.0,pública
F,209,75.1000061035156,22.0,2.0,pública
F,210,59.0,17.0,2.0,pública
F,211,58.0,16.0,2.0,pública
F,212,79.5,21.0,2.0,pública
F,213,60.4000015258789,21.0,2.0,pública
F,214,67.6999969482422,23.0,2.0,pública
F,215,53.4000015258789,14.0,2.0,pública
F,216,89.0,26.0,2.0,pública
F,217,75.7000045776367,22.0,2.0,pública
F,218,70.3000030517578,20.0,2.0,pública
G,219,76.1999969482422,22.0,2.0,pública
G,220,12.3999996185303,5.0,2.0,pública
G,221,18.8000011444092,6.0,2.0,pública
G,222,72.2999954223633,22.0,2.0,pública
G,223,25.5,10.0,2.0,pública
G,224,66.5,20.0,2.0,pública
G,225,82.7000045776367,22.0,2.0,pública
G,226,48.8000030517578,16.0,2.0,pública
G,227,73.0,22.0,2.0,pública
G,228,95.5,28.0,2.0,pública
G,229,29.5,6.0,2.0,pública
G,230,22.8999996185303,6.0,2.0,pública
G,231,97.2999954223633,29.0,2.0,pública
G,232,21.0,4.0,2.0,pública
G,233,40.3000030517578,13.0,2.0,pública
G,234,45.2000007629395,14.0,2.0,pública
G,235,39.7999992370605,9.0,2.0,pública
G,236,52.1999969482422,14.0,2.0,pública
G,237,32.4000015258789,10.0,2.0,pública
G,238,75.5999984741211,21.0,2.0,pública
G,239,26.8000011444092,10.0,2.0,pública
G,240,78.4000015258789,27.0,2.0,pública
G,241,91.6999969482422,26.0,2.0,pública
G,242,40.4000015258789,14.0,2.0,pública
G,243,41.7000007629395,14.0,2.0,pública
G,244,34.2999992370605,11.0,2.0,pública
G,245,44.2999992370605,16.0,2.0,pública
G,246,63.0,18.0,2.0,pública
H,247,73.5,19.0,20.0,privada
H,248,89.4000015258789,23.0,20.0,privada
H,249,94.6999969482422,24.0,20.0,privada
H,250,101.400001525879,28.0,20.0,privada
H,251,77.1999969482422,21.0,20.0,privada
H,252,105.299995422363,28.0,20.0,privada
H,253,92.5,26.0,20.0,privada
H,254,100.0,27.0,20.0,privada
H,255,84.1999969482422,20.0,20.0,privada
H,256,103.200004577637,29.0,20.0,privada
H,257,83.4000015258789,20.0,20.0,privada
H,258,102.399993896484,27.0,20.0,privada
H,259,89.6999969482422,24.0,20.0,privada
H,260,80.0999984741211,21.0,20.0,privada
H,261,95.7999954223633,27.0,20.0,privada
H,262,95.0,24.0,20.0,privada
H,263,103.900001525879,26.0,20.0,privada
H,264,86.8000030517578,24.0,20.0,privada
H,265,108.0,29.0,20.0,privada
H,266,106.400001525879,30.0,20.0,privada
H,267,69.3999938964844,16.0,20.0,privada
H,268,107.5,29.0,20.0,privada
H,269,99.6999969482422,26.0,20.0,privada
H,270,90.0999984741211,25.0,20.0,privada
H,271,103.400001525879,26.0,20.0,privada
H,272,82.2999954223633,22.0,20.0,privada
H,273,74.5,20.0,20.0,privada
H,274,107.5,29.0,20.0,privada
H,275,99.6999969482422,27.0,20.0,privada
H,276,106.5,28.0,20.0,privada
H,277,84.4000015258789,23.0,20.0,privada
H,278,95.5,27.0,20.0,privada
H,279,78.1000061035156,22.0,20.0,privada
H,280,91.0,23.0,20.0,privada
H,281,90.0999984741211,22.0,20.0,privada
I,282,105.5,28.0,20.0,privada
I,283,90.2000045776367,23.0,20.0,privada
I,284,98.9000015258789,28.0,20.0,privada
I,285,63.9000015258789,15.0,20.0,privada
I,286,69.8000030517578,21.0,20.0,privada
I,287,90.6000061035156,27.0,20.0,privada
I,288,101.100006103516,28.0,20.0,privada
I,289,90.2000045776367,23.0,20.0,privada
I,290,88.9000015258789,25.0,20.0,privada
I,291,82.0,22.0,20.0,privada
I,292,94.8999938964844,25.0,20.0,privada
I,293,102.5,26.0,20.0,privada
I,294,64.1000061035156,18.0,20.0,privada
I,295,90.3999938964844,23.0,20.0,privada
I,296,76.5999984741211,22.0,20.0,privada
I,297,71.1999969482422,21.0,20.0,privada
I,298,58.0,16.0,20.0,privada
I,299,75.5,24.0,20.0,privada
I,300,88.2000045776367,28.0,20.0,privada
I,301,92.0999984741211,23.0,20.0,privada
I,302,79.4000015258789,25.0,20.0,privada
I,303,101.900001525879,26.0,20.0,privada
I,304,77.0,21.0,20.0,privada
I,305,103.100006103516,29.0,20.0,privada
I,306,75.0999984741211,18.0,20.0,privada
I,307,86.5,23.0,20.0,privada
I,308,82.4000015258789,23.0,20.0,privada
I,309,100.700004577637,26.0,20.0,privada
I,310,90.7999954223633,24.0,20.0,privada
I,311,72.4000015258789,20.0,20.0,privada
I,312,73.9000015258789,22.0,20.0,privada
I,313,101.100006103516,26.0,20.0,privada
I,314,84.7999954223633,21.0,20.0,privada
I,315,102.300003051758,27.0,20.0,privada
I,316,46.0,15.0,20.0,privada
I,317,42.2999992370605,14.0,20.0,privada
I,318,106.5,28.0,20.0,privada
I,319,80.3999938964844,22.0,20.0,privada
I,320,84.5,25.0,20.0,privada
I,321,108.0,30.0,20.0,privada
I,322,79.5999984741211,19.0,20.0,privada
I,323,86.1000061035156,24.0,20.0,privada
I,324,89.0,24.0,20.0,privada
I,325,88.4000015258789,25.0,20.0,privada
AJ,326,55.5999984741211,19.0,2.0,pública
AJ,327,88.6999969482422,28.0,2.0,pública
AJ,328,56.5999984741211,20.0,2.0,pública
AJ,329,67.0,22.0,2.0,pública
AJ,330,29.4000015258789,9.0,2.0,pública
AJ,331,60.2000007629395,21.0,2.0,pública
AJ,332,72.0999984741211,24.0,2.0,pública
AJ,333,54.5999984741211,19.0,2.0,pública
AJ,334,68.0999984741211,21.0,2.0,pública
AJ,335,64.0999984741211,22.0,2.0,pública
AJ,336,94.5999984741211,29.0,2.0,pública
AJ,337,80.8000030517578,22.0,2.0,pública
AJ,338,95.8000030517578,29.0,2.0,pública
AJ,339,69.0,18.0,2.0,pública
AJ,340,80.0,25.0,2.0,pública
AJ,341,72.5,22.0,2.0,pública
AJ,342,92.0,26.0,2.0,pública
AJ,343,90.0,31.0,2.0,pública
AJ,344,78.4000015258789,27.0,2.0,pública
AJ,345,92.7999954223633,28.0,2.0,pública
AJ,346,80.9000015258789,23.0,2.0,pública
AJ,347,26.9000015258789,12.0,2.0,pública
AJ,348,88.5999984741211,24.0,2.0,pública
AJ,349,81.4000015258789,24.0,2.0,pública
AJ,350,98.5,27.0,2.0,pública
AJ,351,71.4000015258789,24.0,2.0,pública
AJ,352,72.3999938964844,25.0,2.0,pública
AJ,353,70.2999954223633,24.0,2.0,pública
AJ,354,93.4000015258789,28.0,2.0,pública
AJ,355,27.6000003814697,9.0,2.0,pública
AJ,356,78.8000030517578,27.0,2.0,pública
AJ,357,20.5,7.0,2.0,pública
AJ,358,68.5,24.0,2.0,pública
AA,359,42.2000007629395,8.0,20.0,privada
AA,360,58.5999984741211,15.0,20.0,privada
AA,361,91.0,25.0,20.0,privada
AA,362,94.0999984741211,25.0,20.0,privada
AA,363,100.299995422363,26.0,20.0,privada
AA,364,77.4000015258789,19.0,20.0,privada
AA,365,65.6999969482422,15.0,20.0,privada
AA,366,64.0,16.0,20.0,privada
AA,367,54.1000022888184,12.0,20.0,privada
AA,368,104.599998474121,28.0,20.0,privada
AA,369,54.7000007629395,12.0,20.0,privada
AA,370,63.5,14.0,20.0,privada
AA,371,59.9000015258789,16.0,20.0,privada
AA,372,48.9000015258789,13.0,20.0,privada
AA,373,56.5,14.0,20.0,privada
AA,374,97.8999938964844,25.0,20.0,privada
AA,375,62.7999992370605,14.0,20.0,privada
AA,376,64.1000061035156,17.0,20.0,privada
AA,377,38.5999984741211,8.0,20.0,privada
AA,378,45.5,10.0,20.0,privada
AA,379,102.5,28.0,20.0,privada
AA,380,49.5,11.0,20.0,privada
AA,381,51.8000030517578,11.0,20.0,privada
AA,382,48.3000030517578,13.0,20.0,privada
AA,383,81.6999969482422,22.0,20.0,privada
AA,384,42.2000007629395,10.0,20.0,privada
AA,385,44.3000030517578,10.0,20.0,privada
AA,386,76.0,20.0,20.0,privada
AA,387,59.3000030517578,16.0,20.0,privada
AA,388,42.7000007629395,9.0,20.0,privada
AA,389,53.7999992370605,13.0,20.0,privada
AA,390,88.0,25.0,20.0,privada
AA,391,96.0,26.0,20.0,privada
AA,392,64.9000015258789,18.0,20.0,privada
AA,393,51.4000015258789,11.0,20.0,privada
AA,394,58.7999992370605,14.0,20.0,privada
AA,395,71.0999984741211,19.0,20.0,privada
AA,396,79.6999969482422,22.0,20.0,privada
AA,397,68.6999969482422,18.0,20.0,privada
AA,398,40.2000007629395,9.0,20.0,privada
AA,399,85.0999984741211,21.0,20.0,privada
AA,400,61.6000022888184,14.0,20.0,privada
AA,401,56.0,15.0,20.0,privada
AA,402,71.6999969482422,19.0,20.0,privada
AA,403,69.3999938964844,16.0,20.0,privada
AA,404,62.5,14.0,20.0,privada
AA,405,63.7000007629395,17.0,20.0,privada
AA,406,71.0999984741211,18.0,20.0,privada
AA,407,83.8000030517578,23.0,20.0,privada
AA,408,54.7000007629395,14.0,20.0,privada
AA,409,66.3000030517578,18.0,20.0,privada
AA,410,59.9000015258789,13.0,20.0,privada
AA,411,90.2999954223633,23.0,20.0,privada
AA,412,101.100006103516,26.0,20.0,privada
AA,413,82.5999984741211,22.0,20.0,privada
AA,414,51.8000030517578,11.0,20.0,privada
AA,415,47.5,11.0,20.0,privada
AB,416,59.0,20.0,18.0,privada
AB,417,39.9000015258789,11.0,18.0,privada
AB,418,39.5999984741211,10.0,18.0,privada
AB,419,43.5,11.0,18.0,privada
AB,420,45.3000030517578,14.0,18.0,privada
AB,421,86.5,27.0,18.0,privada
AB,422,93.8000030517578,29.0,18.0,privada
AB,423,33.2000007629395,8.0,18.0,privada
AB,424,73.5999984741211,26.0,18.0,privada
AB,425,77.6999969482422,22.0,18.0,privada
AB,426,75.1000061035156,21.0,18.0,privada
AB,427,48.8999977111816,13.0,18.0,privada
AB,428,87.7999954223633,24.0,18.0,privada
AB,429,80.5,24.0,18.0,privada
AB,430,81.3000030517578,28.0,18.0,privada
AB,431,20.5,5.0,18.0,privada
AB,432,86.4000015258789,24.0,18.0,privada
AB,433,80.6999969482422,28.0,18.0,privada
AB,434,65.3000030517578,20.0,18.0,privada
AB,435,64.5,21.0,18.0,privada
AB,436,52.0999984741211,18.0,18.0,privada
AB,437,74.0,26.0,18.0,privada
AB,438,24.7999992370605,11.0,18.0,privada
AB,439,84.8999938964844,26.0,18.0,privada
AB,440,65.0,17.0,18.0,privada
AB,441,68.8000030517578,19.0,18.0,privada
AB,442,92.9000015258789,25.0,18.0,privada
AB,443,93.5,28.0,18.0,privada
AB,444,60.1000022888184,17.0,18.0,privada
AB,445,72.2000045776367,24.0,18.0,privada
AB,446,97.5,28.0,18.0,privada
AB,447,84.3000030517578,28.0,18.0,privada
AB,448,51.7999992370605,15.0,18.0,privada
AB,449,49.2000007629395,18.0,18.0,privada
AB,450,54.5999984741211,19.0,18.0,privada
AB,451,70.7000045776367,21.0,18.0,privada
AB,452,82.6000061035156,28.0,18.0,privada
AB,453,75.1999969482422,20.0,18.0,privada
AB,454,74.8000030517578,21.0,18.0,privada
AB,455,39.4000015258789,13.0,18.0,privada
AB,456,60.9000015258789,21.0,18.0,privada
AB,457,28.0,6.0,18.0,privada
AB,458,79.8999938964844,21.0,18.0,privada
AB,459,97.9000015258789,29.0,18.0,privada
AB,460,38.4000015258789,15.0,18.0,privada
AB,461,79.4000015258789,21.0,18.0,privada
AB,462,43.8999977111816,15.0,18.0,privada
AB,463,58.2000007629395,18.0,18.0,privada
AB,464,45.5999984741211,14.0,18.0,privada
AB,465,32.9000015258789,11.0,18.0,privada
AB,466,41.1000022888184,13.0,18.0,privada
AB,467,77.1999969482422,24.0,18.0,privada
AB,468,75.0,20.0,18.0,privada
AB,469,19.8999996185303,9.0,18.0,privada
AB,470,82.6000061035156,25.0,18.0,privada
AB,471,99.5,29.0,18.0,privada
AB,472,72.0999984741211,21.0,18.0,privada
AB,473,61.3000030517578,21.0,18.0,privada
AB,474,64.2999954223633,18.0,18.0,privada
AB,475,91.0,27.0,18.0,privada
AB,476,78.1000061035156,26.0,18.0,privada
AB,477,34.0999984741211,14.0,18.0,privada
AC,478,34.5999984741211,13.0,2.0,pública
AC,479,71.0,23.0,2.0,pública
AC,480,35.5999984741211,13.0,2.0,pública
AC,481,14.4000005722046,8.0,2.0,pública
AC,482,30.3000030517578,12.0,2.0,pública
AC,483,47.9000015258789,15.0,2.0,pública
AC,484,90.8000030517578,28.0,2.0,pública
AC,485,32.5,7.0,2.0,pública
AC,486,23.5,9.0,2.0,pública
AC,487,33.0999984741211,11.0,2.0,pública
AC,488,78.8000030517578,23.0,2.0,pública
AC,489,60.5999984741211,17.0,2.0,pública
AC,490,35.7999992370605,13.0,2.0,pública
AC,491,36.7999992370605,13.0,2.0,pública
AC,492,70.5,19.0,2.0,pública
AC,493,62.5,17.0,2.0,pública
AC,494,25.3999996185303,8.0,2.0,pública
AC,495,24.4000015258789,10.0,2.0,pública
AC,496,52.0,18.0,2.0,pública
AC,497,26.1999988555908,5.0,2.0,pública
AC,498,37.8000030517578,15.0,2.0,pública
AC,499,57.8000030517578,19.0,2.0,pública
AC,500,91.1999969482422,25.0,2.0,pública
AC,501,12.3000001907349,5.0,2.0,pública
AC,502,42.9000015258789,14.0,2.0,pública
AC,503,23.3999996185303,9.0,2.0,pública
AC,504,13.5999984741211,6.0,2.0,pública
AC,505,38.0,12.0,2.0,pública
AC,506,30.5000019073486,10.0,2.0,pública
AC,507,50.5999984741211,13.0,2.0,pública
AC,508,33.8999977111816,13.0,2.0,pública
AC,509,19.3000011444092,9.0,2.0,pública
AC,510,51.3999977111816,14.0,2.0,pública
AC,511,56.9000015258789,17.0,2.0,pública
AC,512,25.6999988555908,10.0,2.0,pública
AC,513,85.9000015258789,29.0,2.0,pública
AC,514,57.3999977111816,20.0,2.0,pública
AC,515,79.7999954223633,24.0,2.0,pública
AC,516,29.1000003814697,11.0,2.0,pública
AC,517,42.5,11.0,2.0,pública
AC,518,58.6999969482422,20.0,2.0,pública
AC,519,33.2999992370605,11.0,2.0,pública
AC,520,52.6000022888184,16.0,2.0,pública
AC,521,59.8999977111816,15.0,2.0,pública
AC,522,62.7000007629395,17.0,2.0,pública
AC,523,23.2999992370605,10.0,2.0,pública
AC,524,30.7999992370605,13.0,2.0,pública
AC,525,43.8999977111816,11.0,2.0,pública
AC,526,47.6000022888184,13.0,2.0,pública
AC,527,43.0,15.0,2.0,pública
AC,528,34.7999992370605,12.0,2.0,pública
AC,529,36.4000015258789,11.0,2.0,pública
AC,530,51.1000022888184,16.0,2.0,pública
AD,531,40.5999984741211,10.0,2.0,pública
AD,532,58.6999969482422,15.0,2.0,pública
AD,533,44.5,12.0,2.0,pública
AD,534,30.2000007629395,12.0,2.0,pública
AD,535,56.7000007629395,17.0,2.0,pública
AD,536,17.0,8.0,2.0,pública
AD,537,38.6999969482422,14.0,2.0,pública
AD,538,24.5,6.0,2.0,pública
AD,539,39.4000015258789,10.0,2.0,pública
AD,540,37.7000007629395,13.0,2.0,pública
AD,541,10.5,5.0,2.0,pública
AD,542,33.5,10.0,2.0,pública
AD,543,32.2999992370605,11.0,2.0,pública
AD,544,40.5999984741211,16.0,2.0,pública
AD,545,28.9000015258789,11.0,2.0,pública
AD,546,100.0,28.0,2.0,pública
AD,547,78.9000015258789,24.0,2.0,pública
AD,548,70.2000045776367,24.0,2.0,pública
AD,549,39.0,14.0,2.0,pública
AD,550,24.8999996185303,10.0,2.0,pública
AD,551,35.9000015258789,13.0,2.0,pública
AD,552,51.7999992370605,18.0,2.0,pública
AD,553,15.1000003814697,6.0,2.0,pública
AD,554,60.1000022888184,22.0,2.0,pública
AD,555,21.8000011444092,5.0,2.0,pública
AD,556,76.8999938964844,25.0,2.0,pública
AD,557,45.4000015258789,11.0,2.0,pública
AE,558,59.8999977111816,19.0,9.0,privada
AE,559,77.0,25.0,9.0,privada
AE,560,83.8000030517578,27.0,9.0,privada
AE,561,66.5999984741211,23.0,9.0,privada
AE,562,47.0999984741211,16.0,9.0,privada
AE,563,85.6999969482422,27.0,9.0,privada
AE,564,80.0,23.0,9.0,privada
AE,565,70.4000015258789,20.0,9.0,privada
AE,566,76.1999969482422,20.0,9.0,privada
AE,567,69.0999984741211,18.0,9.0,privada
AE,568,76.0999984741211,26.0,9.0,privada
AE,569,32.2999992370605,10.0,9.0,privada
AE,570,91.8000030517578,27.0,9.0,privada
AE,571,78.9000015258789,27.0,9.0,privada
AE,572,48.5,17.0,9.0,privada
AE,573,78.6999969482422,26.0,9.0,privada
AE,574,98.5,30.0,9.0,privada
AE,575,31.1999988555908,9.0,9.0,privada
AE,576,68.0999984741211,20.0,9.0,privada
AE,577,95.2999954223633,28.0,9.0,privada
AE,578,92.0999984741211,26.0,9.0,privada
AE,579,51.1000022888184,14.0,9.0,privada
AE,580,60.9000015258789,21.0,9.0,privada
AE,581,51.7000007629395,19.0,9.0,privada
AE,582,39.4000015258789,13.0,9.0,privada
AE,583,90.2000045776367,26.0,9.0,privada
AE,584,71.0999984741211,24.0,9.0,privada
AE,585,94.5,26.0,9.0,privada
AE,586,63.2999992370605,16.0,9.0,privada
AE,587,97.9000015258789,29.0,9.0,privada
AE,588,71.5,23.0,9.0,privada
AE,589,42.7000007629395,13.0,9.0,privada
AE,590,40.5,13.0,9.0,privada
AE,591,75.5,20.0,9.0,privada
AE,592,88.5,30.0,9.0,privada
AE,593,93.1000061035156,26.0,9.0,privada
AE,594,80.6000061035156,23.0,9.0,privada
AE,595,73.2000045776367,21.0,9.0,privada
AE,596,60.1000022888184,17.0,9.0,privada
AE,597,55.5,18.0,9.0,privada
AE,598,38.6000022888184,12.0,9.0,privada
AE,599,88.5,28.0,9.0,privada
AE,600,53.2000007629395,14.0,9.0,privada
AE,601,53.2999992370605,17.0,9.0,privada
AE,602,80.2000045776367,28.0,9.0,privada
AE,603,69.8000030517578,23.0,9.0,privada
AE,604,24.0,7.0,9.0,privada
AE,605,95.0,29.0,9.0,privada
AE,606,47.9000015258789,18.0,9.0,privada
AE,607,76.3000030517578,26.0,9.0,privada
AE,608,65.1999969482422,23.0,9.0,privada
AE,609,77.5,24.0,9.0,privada
AE,610,87.6000061035156,27.0,9.0,privada
AF,611,63.2999992370605,19.0,2.0,pública
AF,612,71.4000015258789,22.0,2.0,pública
AF,613,41.1000022888184,13.0,2.0,pública
AF,614,53.2999992370605,15.0,2.0,pública
AF,615,68.0999984741211,21.0,2.0,pública
AF,616,52.5,16.0,2.0,pública
AF,617,58.2999992370605,20.0,2.0,pública
AF,618,94.5999984741211,27.0,2.0,pública
AF,619,50.1000022888184,15.0,2.0,pública
AF,620,95.1000061035156,27.0,2.0,pública
AF,621,60.3000030517578,20.0,2.0,pública
AF,622,91.5999984741211,28.0,2.0,pública
AF,623,64.2999954223633,18.0,2.0,pública
AF,624,97.0,30.0,2.0,pública
AF,625,31.7000007629395,10.0,2.0,pública
AF,626,62.3999977111816,21.0,2.0,pública
AF,627,44.7999992370605,12.0,2.0,pública
AF,628,71.8000030517578,24.0,2.0,pública
AF,629,67.3000030517578,21.0,2.0,pública
AF,630,84.0,26.0,2.0,pública
AF,631,78.3000030517578,22.0,2.0,pública
AF,632,87.6000061035156,26.0,2.0,pública
AF,633,83.1000061035156,28.0,2.0,pública
AF,634,74.2999954223633,22.0,2.0,pública
AF,635,49.5,15.0,2.0,pública
AF,636,63.6999969482422,19.0,2.0,pública
AF,637,51.7999992370605,16.0,2.0,pública
AF,638,32.8000030517578,11.0,2.0,pública
AG,639,65.4000015258789,20.0,2.0,pública
AG,640,90.0,31.0,2.0,pública
AG,641,78.8000030517578,24.0,2.0,pública
AG,642,92.3999938964844,28.0,2.0,pública
AG,643,64.0,17.0,2.0,pública
AG,644,97.2999954223633,27.0,2.0,pública
AG,645,96.8000030517578,27.0,2.0,pública
AG,646,87.2000045776367,26.0,2.0,pública
AG,647,84.3999938964844,29.0,2.0,pública
AG,648,50.1000022888184,18.0,2.0,pública
AG,649,73.2000045776367,21.0,2.0,pública
AG,650,86.0999984741211,27.0,2.0,pública
AG,651,66.9000015258789,23.0,2.0,pública
AG,652,68.4000015258789,18.0,2.0,pública
AG,653,78.0999984741211,21.0,2.0,pública
AG,654,78.5,25.0,2.0,pública
AG,655,60.5999984741211,17.0,2.0,pública
AG,656,91.8000030517578,26.0,2.0,pública
AG,657,45.5999984741211,16.0,2.0,pública
AG,658,70.6000061035156,24.0,2.0,pública
AG,659,93.4000015258789,26.0,2.0,pública
AG,660,81.4000015258789,26.0,2.0,pública
AG,661,59.0,19.0,2.0,pública
AG,662,76.0,26.0,2.0,pública
AG,663,98.5,30.0,2.0,pública
AG,664,82.2999954223633,28.0,2.0,pública
AG,665,27.7000007629395,9.0,2.0,pública
AG,666,60.5999984741211,19.0,2.0,pública
AG,667,64.5999984741211,18.0,2.0,pública
AH,668,100.0,31.0,2.0,pública
AH,669,44.6999969482422,15.0,2.0,pública
AH,670,82.9000015258789,25.0,2.0,pública
AH,671,88.8000030517578,26.0,2.0,pública
AH,672,80.1000061035156,23.0,2.0,pública
AH,673,60.2000007629395,16.0,2.0,pública
AH,674,51.0,15.0,2.0,pública
AH,675,92.3999938964844,26.0,2.0,pública
AH,676,23.5999984741211,10.0,2.0,pública
AH,677,39.5999984741211,13.0,2.0,pública
AH,678,86.6999969482422,28.0,2.0,pública
AH,679,42.1999969482422,11.0,2.0,pública
AH,680,53.6000022888184,16.0,2.0,pública
AH,681,41.0,16.0,2.0,pública
AH,682,52.0,16.0,2.0,pública
AH,683,94.3000030517578,27.0,2.0,pública
AH,684,66.7999954223633,22.0,2.0,pública
AH,685,26.9000015258789,11.0,2.0,pública
AH,686,91.0999984741211,28.0,2.0,pública
AH,687,36.7000007629395,15.0,2.0,pública
AH,688,41.3000030517578,15.0,2.0,pública
AH,689,41.3000030517578,16.0,2.0,pública
AH,690,82.2000045776367,28.0,2.0,pública
AH,691,52.5,15.0,2.0,pública
AH,692,81.0999984741211,23.0,2.0,pública
AH,693,54.6999969482422,19.0,2.0,pública
AH,694,59.6999969482422,20.0,2.0,pública
AH,695,83.1999969482422,22.0,2.0,pública
AH,696,92.5,27.0,2.0,pública
AH,697,69.0999984741211,21.0,2.0,pública
AH,698,28.9000015258789,9.0,2.0,pública
AH,699,40.7999992370605,16.0,2.0,pública
AH,700,70.4000015258789,20.0,2.0,pública
AH,701,49.4000015258789,17.0,2.0,pública
AH,702,46.1000022888184,13.0,2.0,pública
AH,703,31.3000011444092,13.0,2.0,pública
AH,704,27.7000007629395,10.0,2.0,pública
AH,705,61.7999992370605,17.0,2.0,pública
AH,706,84.7000045776367,24.0,2.0,pública
AI,707,74.4000015258789,21.0,2.0,pública
AI,708,65.5,17.0,2.0,pública
AI,709,46.3999977111816,16.0,2.0,pública
AI,710,78.4000015258789,27.0,2.0,pública
AI,711,38.6999969482422,13.0,2.0,pública
AI,712,41.3000030517578,12.0,2.0,pública
AI,713,81.1999969482422,25.0,2.0,pública
AI,714,72.3999938964844,22.0,2.0,pública
AI,715,61.5,17.0,2.0,pública
AI,716,74.0,23.0,2.0,pública
AI,717,45.5,11.0,2.0,pública
AI,718,84.5999984741211,28.0,2.0,pública
AI,719,43.2000007629395,13.0,2.0,pública
AI,720,45.2000007629395,14.0,2.0,pública
AI,721,52.1999969482422,14.0,2.0,pública
AI,722,32.1999969482422,10.0,2.0,pública
AI,723,44.7999992370605,17.0,2.0,pública
AI,724,46.3000030517578,12.0,2.0,pública
AI,725,70.5999984741211,20.0,2.0,pública
AI,726,72.8000030517578,22.0,2.0,pública
AI,727,26.6000003814697,8.0,2.0,pública
AI,728,63.0999984741211,21.0,2.0,pública
AI,729,67.0,21.0,2.0,pública
AI,730,65.0,23.0,2.0,pública
AI,731,85.4000015258789,26.0,2.0,pública
AI,732,52.5,19.0,2.0,pública
AI,733,36.4000015258789,11.0,2.0,pública
AI,734,42.0,12.0,2.0,pública
AI,735,22.1000003814697,7.0,2.0,pública
AI,736,73.2000045776367,19.0,2.0,pública
AI,737,98.0,30.0,2.0,pública
AI,738,26.0999984741211,9.0,2.0,pública
AI,739,91.8999938964844,25.0,2.0,pública
AI,740,59.7999992370605,18.0,2.0,pública
AI,741,43.8999977111816,13.0,2.0,pública
AI,742,54.2999992370605,15.0,2.0,pública
AI,743,57.8000030517578,18.0,2.0,pública
AI,744,73.1999969482422,25.0,2.0,pública
AI,745,96.4000015258789,26.0,2.0,pública
AI,746,30.9000015258789,12.0,2.0,pública
AI,747,37.8000030517578,15.0,2.0,pública
AI,748,54.7999992370605,17.0,2.0,pública
AI,749,84.7000045776367,24.0,2.0,pública
AI,750,76.0,22.0,2.0,pública
AI,751,65.9000015258789,21.0,2.0,pública
AI,752,51.3999977111816,17.0,2.0,pública
AI,753,57.9000015258789,16.0,2.0,pública
BJ,754,87.5,24.0,9.0,privada
BJ,755,67.3999938964844,24.0,9.0,privada
BJ,756,35.5999984741211,13.0,9.0,privada
BJ,757,64.8000030517578,18.0,9.0,privada
BJ,758,57.7000007629395,19.0,9.0,privada
BJ,759,69.1999969482422,21.0,9.0,privada
BJ,760,76.1999969482422,20.0,9.0,privada
BJ,761,95.6000061035156,26.0,9.0,privada
BJ,762,96.6999969482422,27.0,9.0,privada
BJ,763,41.0,13.0,9.0,privada
BJ,764,71.3000030517578,24.0,9.0,privada
BJ,765,91.8000030517578,27.0,9.0,privada
BJ,766,88.5999984741211,26.0,9.0,privada
BJ,767,84.7000045776367,29.0,9.0,privada
BJ,768,39.2999992370605,15.0,9.0,privada
BJ,769,81.5999984741211,26.0,9.0,privada
BJ,770,30.5999984741211,11.0,9.0,privada
BJ,771,78.8000030517578,23.0,9.0,privada
BJ,772,53.6999969482422,17.0,9.0,privada
BJ,773,69.1999969482422,21.0,9.0,privada
BJ,774,75.8000030517578,23.0,9.0,privada
BJ,775,80.6999969482422,26.0,9.0,privada
BJ,776,77.6000061035156,21.0,9.0,privada
BJ,777,61.1000022888184,16.0,9.0,privada
BJ,778,48.0,15.0,9.0,privada
BJ,779,94.7999954223633,26.0,9.0,privada
BJ,780,59.5,21.0,9.0,privada
BJ,781,28.5999984741211,10.0,9.0,privada
BJ,782,50.0,15.0,9.0,privada
BJ,783,65.8000030517578,20.0,9.0,privada
BJ,784,41.3000030517578,13.0,9.0,privada
BJ,785,53.6999969482422,14.0,9.0,privada
BJ,786,39.0,12.0,9.0,privada
BJ,787,68.6999969482422,21.0,9.0,privada
BJ,788,32.2999992370605,12.0,9.0,privada
BJ,789,59.0,19.0,9.0,privada
BJ,790,74.5999984741211,25.0,9.0,privada
BJ,791,76.6999969482422,24.0,9.0,privada
BJ,792,69.5999984741211,21.0,9.0,privada
BJ,793,35.9000015258789,12.0,9.0,privada
BJ,794,60.5999984741211,17.0,9.0,privada
BJ,795,64.2999954223633,20.0,9.0,privada
BJ,796,85.8000030517578,29.0,9.0,privada
BJ,797,80.6000061035156,25.0,9.0,privada
BJ,798,65.3000030517578,22.0,9.0,privada
BJ,799,87.5,25.0,9.0,privada
BJ,800,99.1999969482422,28.0,9.0,privada
BJ,801,78.5999984741211,25.0,9.0,privada
BJ,802,91.0999984741211,28.0,9.0,privada
BJ,803,91.8999938964844,27.0,9.0,privada
BJ,804,52.7000007629395,14.0,9.0,privada
BJ,805,56.5999984741211,17.0,9.0,privada
BJ,806,97.0,27.0,9.0,privada
BJ,807,66.5,21.0,9.0,privada
BJ,808,65.1999969482422,21.0,9.0,privada
BJ,809,73.4000015258789,25.0,9.0,privada
BJ,810,51.3000030517578,18.0,9.0,privada
BJ,811,76.5999984741211,23.0,9.0,privada
BJ,812,61.0,22.0,9.0,privada
BJ,813,27.0,10.0,9.0,privada
BA,814,28.5,9.0,10.0,privada
BA,815,30.7999992370605,13.0,10.0,privada
BA,816,36.7000007629395,14.0,10.0,privada
BA,817,48.0,17.0,10.0,privada
BA,818,30.3000030517578,12.0,10.0,privada
BA,819,47.8000030517578,18.0,10.0,privada
BA,820,41.7000007629395,13.0,10.0,privada
BA,821,38.4000015258789,12.0,10.0,privada
BA,822,78.3000030517578,26.0,10.0,privada
BA,823,28.5999984741211,12.0,10.0,privada
BA,824,57.6000022888184,19.0,10.0,privada
BA,825,55.3000030517578,17.0,10.0,privada
BA,826,43.2999992370605,15.0,10.0,privada
BA,827,33.6000022888184,12.0,10.0,privada
BA,828,63.6999969482422,21.0,10.0,privada
BA,829,48.2000007629395,15.0,10.0,privada
BA,830,27.7999992370605,11.0,10.0,privada
BA,831,32.1999969482422,10.0,10.0,privada
BA,832,29.1000003814697,11.0,10.0,privada
BA,833,71.5,25.0,10.0,privada
BA,834,24.1000003814697,8.0,10.0,privada
BA,835,42.2999992370605,15.0,10.0,privada
BA,836,54.0,19.0,10.0,privada
BA,837,64.6999969482422,22.0,10.0,privada
BA,838,26.8000011444092,10.0,10.0,privada
BA,839,37.7000007629395,13.0,10.0,privada
BA,840,53.0999984741211,18.0,10.0,privada
BA,841,48.4000015258789,16.0,10.0,privada
BA,842,54.5,20.0,10.0,privada
BA,843,44.6999969482422,14.0,10.0,privada
BA,844,31.5999984741211,12.0,10.0,privada
BA,845,25.3999996185303,11.0,10.0,privada
BA,846,42.2999992370605,13.0,10.0,privada
BA,847,35.9000015258789,13.0,10.0,privada
BA,848,36.0,14.0,10.0,privada
BA,849,65.0,20.0,10.0,privada
BA,850,25.5999984741211,9.0,10.0,privada
BA,851,30.2000007629395,11.0,10.0,privada
BA,852,64.0999984741211,22.0,10.0,privada
BA,853,70.4000015258789,24.0,10.0,privada
BA,854,57.0999984741211,20.0,10.0,privada
BA,855,31.7000007629395,13.0,10.0,privada
BA,856,58.6000022888184,18.0,10.0,privada
BA,857,13.6999988555908,8.0,10.0,privada
BA,858,30.9000015258789,11.0,10.0,privada
BA,859,49.7999992370605,17.0,10.0,privada
BA,860,33.0999984741211,11.0,10.0,privada
BA,861,34.0999984741211,14.0,10.0,privada
BA,862,54.8999977111816,17.0,10.0,privada
BA,863,59.2000007629395,18.0,10.0,privada
BA,864,42.3999977111816,13.0,10.0,privada
BA,865,71.6999969482422,22.0,10.0,privada
BA,866,59.8999977111816,18.0,10.0,privada
BA,867,52.8000030517578,18.0,10.0,privada
BA,868,49.8999977111816,17.0,10.0,privada
BA,869,83.5,26.0,10.0,privada
BA,870,44.4000015258789,14.0,10.0,privada
BA,871,26.7000007629395,12.0,10.0,privada
BA,872,80.6999969482422,26.0,10.0,privada
BA,873,34.2000007629395,11.0,10.0,privada
BA,874,36.1999969482422,12.0,10.0,privada
BB,875,65.5,21.0,10.0,privada
BB,876,55.2000007629395,20.0,10.0,privada
BB,877,62.1999969482422,22.0,10.0,privada
BB,878,55.0,20.0,10.0,privada
BB,879,47.9000015258789,18.0,10.0,privada
BB,880,44.0999984741211,16.0,10.0,privada
BB,881,15.6999988555908,5.0,10.0,privada
BB,882,68.3000030517578,23.0,10.0,privada
BB,883,62.0,20.0,10.0,privada
BB,884,64.8000030517578,20.0,10.0,privada
BB,885,54.0999984741211,17.0,10.0,privada
BB,886,65.1999969482422,22.0,10.0,privada
BB,887,37.1999969482422,12.0,10.0,privada
BB,888,30.2000007629395,12.0,10.0,privada
BB,889,37.0,15.0,10.0,privada
BB,890,26.4000015258789,10.0,10.0,privada
BB,891,30.0,13.0,10.0,privada
BB,892,59.5999984741211,21.0,10.0,privada
BB,893,34.5999984741211,12.0,10.0,privada
BB,894,52.6000022888184,19.0,10.0,privada
BB,895,53.8000030517578,19.0,10.0,privada
BB,896,49.5999984741211,18.0,10.0,privada
BB,897,53.4000015258789,18.0,10.0,privada
BB,898,61.5999984741211,21.0,10.0,privada
BB,899,51.0,18.0,10.0,privada
BB,900,36.5999984741211,12.0,10.0,privada
BB,901,39.0,15.0,10.0,privada
BB,902,47.6000022888184,18.0,10.0,privada
BB,903,48.8000030517578,17.0,10.0,privada
BB,904,53.8999977111816,19.0,10.0,privada
BB,905,33.0999984741211,11.0,10.0,privada
BB,906,48.8000030517578,17.0,10.0,privada
BB,907,58.2000007629395,20.0,10.0,privada
BB,908,24.6000003814697,9.0,10.0,privada
BB,909,64.0,20.0,10.0,privada
BB,910,58.8000030517578,21.0,10.0,privada
BB,911,50.0,17.0,10.0,privada
BB,912,36.9000015258789,15.0,10.0,privada
BB,913,24.5,9.0,10.0,privada
BB,914,57.5,20.0,10.0,privada
BB,915,62.2999992370605,20.0,10.0,privada
BB,916,47.9000015258789,15.0,10.0,privada
BB,917,47.1999969482422,18.0,10.0,privada
BB,918,63.8999977111816,23.0,10.0,privada
BB,919,71.5,23.0,10.0,privada
BB,920,49.7999992370605,16.0,10.0,privada
BB,921,45.2000007629395,15.0,10.0,privada
BB,922,46.9000015258789,17.0,10.0,privada
BB,923,37.8000030517578,14.0,10.0,privada
BB,924,61.1999969482422,20.0,10.0,privada
BB,925,56.7000007629395,21.0,10.0,privada
BB,926,65.9000015258789,21.0,10.0,privada
BB,927,58.6999969482422,21.0,10.0,privada
BB,928,47.2999992370605,17.0,10.0,privada
BB,929,49.2999992370605,16.0,10.0,privada
BB,930,79.5999984741211,25.0,10.0,privada
BB,931,51.9000015258789,18.0,10.0,privada
BB,932,67.9000015258789,21.0,10.0,privada
BB,933,65.5,21.0,10.0,privada
BB,934,58.6000022888184,19.0,10.0,privada
BB,935,40.3000030517578,14.0,10.0,privada
BB,936,16.9000015258789,9.0,10.0,privada
BB,937,15.8999996185303,5.0,10.0,privada
BB,938,60.2000007629395,22.0,10.0,privada
BB,939,51.7000007629395,17.0,10.0,privada
BB,940,61.7000007629395,21.0,10.0,privada
BB,941,76.0,25.0,10.0,privada
BC,942,98.3000030517578,30.0,2.0,pública
BC,943,96.4000015258789,28.0,2.0,pública
BC,944,68.8000030517578,21.0,2.0,pública
BC,945,96.3000030517578,28.0,2.0,pública
BC,946,98.1000061035156,29.0,2.0,pública
BC,947,60.7999992370605,20.0,2.0,pública
BC,948,82.3999938964844,23.0,2.0,pública
BC,949,31.3999977111816,11.0,2.0,pública
BC,950,76.6999969482422,26.0,2.0,pública
BC,951,48.4000015258789,15.0,2.0,pública
BC,952,100.0,31.0,2.0,pública
BC,953,76.5,25.0,2.0,pública
BC,954,66.0,20.0,2.0,pública
BC,955,80.8000030517578,28.0,2.0,pública
BC,956,74.3000030517578,23.0,2.0,pública
BC,957,53.0999984741211,13.0,2.0,pública
BC,958,89.1999969482422,26.0,2.0,pública
BC,959,89.1999969482422,27.0,2.0,pública
BC,960,72.0999984741211,22.0,2.0,pública
BC,961,55.1000022888184,15.0,2.0,pública
BC,962,42.2999992370605,10.0,2.0,pública
BC,963,68.6999969482422,21.0,2.0,pública
BC,964,57.6000022888184,21.0,2.0,pública
BC,965,76.8000030517578,27.0,2.0,pública
BC,966,94.7999954223633,27.0,2.0,pública
BC,967,68.2000045776367,20.0,2.0,pública
BC,968,89.7999954223633,27.0,2.0,pública
BC,969,51.0,17.0,2.0,pública
BC,970,78.8000030517578,25.0,2.0,pública
BC,971,89.0999984741211,27.0,2.0,pública
BC,972,47.2999992370605,16.0,2.0,pública
BC,973,67.8000030517578,21.0,2.0,pública
BC,974,61.9000015258789,19.0,2.0,pública
BC,975,71.6999969482422,21.0,2.0,pública
BC,976,58.6999969482422,16.0,2.0,pública
BC,977,49.8999977111816,17.0,2.0,pública
BC,978,71.4000015258789,23.0,2.0,pública
BC,979,70.0,22.0,2.0,pública
BC,980,91.8000030517578,28.0,2.0,pública
BC,981,53.8999977111816,17.0,2.0,pública
BC,982,50.7000007629395,17.0,2.0,pública
BC,983,38.2999992370605,12.0,2.0,pública
BC,984,80.6999969482422,23.0,2.0,pública
BC,985,94.0,27.0,2.0,pública
BC,986,51.5999984741211,16.0,2.0,pública
BC,987,90.0,28.0,2.0,pública
BC,988,60.9000015258789,17.0,2.0,pública
BD,989,79.7000045776367,24.0,9.0,privada
BD,990,58.6000022888184,21.0,9.0,privada
BD,991,73.3000030517578,22.0,9.0,privada
BD,992,40.9000015258789,13.0,9.0,privada
BD,993,46.7000007629395,14.0,9.0,privada
BD,994,83.3000030517578,28.0,9.0,privada
BD,995,84.3999938964844,29.0,9.0,privada
BD,996,83.5999984741211,29.0,9.0,privada
BD,997,67.6999969482422,23.0,9.0,privada
BD,998,53.0999984741211,16.0,9.0,privada
BD,999,73.3000030517578,26.0,9.0,privada
BD,1000,53.8000030517578,19.0,9.0,privada
BD,1001,83.4000015258789,26.0,9.0,privada
BD,1002,32.7000007629395,10.0,9.0,privada
BD,1003,44.6999969482422,17.0,9.0,privada
BD,1004,88.5999984741211,28.0,9.0,privada
BD,1005,57.6000022888184,19.0,9.0,privada
BD,1006,79.8999938964844,27.0,9.0,privada
BD,1007,34.4000015258789,11.0,9.0,privada
BD,1008,44.5999984741211,17.0,9.0,privada
BD,1009,79.3999938964844,26.0,9.0,privada
BD,1010,46.9000015258789,16.0,9.0,privada
BD,1011,69.0999984741211,22.0,9.0,privada
BD,1012,56.0,20.0,9.0,privada
BD,1013,42.5,15.0,9.0,privada
BD,1014,76.3000030517578,25.0,9.0,privada
BD,1015,41.5999984741211,14.0,9.0,privada
BD,1016,85.8000030517578,29.0,9.0,privada
BD,1017,62.9000015258789,22.0,9.0,privada
BD,1018,33.5,14.0,9.0,privada
BD,1019,58.2000007629395,18.0,9.0,privada
BD,1020,38.4000015258789,12.0,9.0,privada
BD,1021,51.3000030517578,19.0,9.0,privada
BD,1022,45.7000007629395,17.0,9.0,privada
BD,1023,82.7999954223633,27.0,9.0,privada
BD,1024,62.2999992370605,20.0,9.0,privada
BD,1025,33.8999977111816,11.0,9.0,privada
BD,1026,25.5999984741211,11.0,9.0,privada
BD,1027,77.7000045776367,27.0,9.0,privada
BD,1028,72.2999954223633,25.0,9.0,privada
BD,1029,66.5999984741211,22.0,9.0,privada
BD,1030,48.8999977111816,16.0,9.0,privada
BD,1031,47.5,18.0,9.0,privada
BD,1032,51.0,18.0,9.0,privada
BD,1033,48.2000007629395,16.0,9.0,privada
BD,1034,73.8000030517578,25.0,9.0,privada
BD,1035,37.0,14.0,9.0,privada
BD,1036,65.5999984741211,21.0,9.0,privada
BD,1037,55.9000015258789,19.0,9.0,privada
BD,1038,61.7000007629395,19.0,9.0,privada
BD,1039,44.2999992370605,16.0,9.0,privada
BD,1040,47.9000015258789,16.0,9.0,privada
BD,1041,51.1999969482422,17.0,9.0,privada
BD,1042,79.0999984741211,25.0,9.0,privada
BD,1043,53.6999969482422,18.0,9.0,privada
BD,1044,52.8000030517578,17.0,9.0,privada
BD,1045,45.2000007629395,16.0,9.0,privada
BE,1046,39.4000015258789,13.0,2.0,pública
BE,1047,59.5,16.0,2.0,pública
BE,1048,49.5,15.0,2.0,pública
BE,1049,73.2000045776367,20.0,2.0,pública
BE,1050,19.8999996185303,8.0,2.0,pública
BE,1051,84.7000045776367,27.0,2.0,pública
BE,1052,19.7999992370605,6.0,2.0,pública
BE,1053,86.5,25.0,2.0,pública
BE,1054,62.5,19.0,2.0,pública
BE,1055,52.2999992370605,19.0,2.0,pública
BE,1056,37.7000007629395,13.0,2.0,pública
BE,1057,61.3000030517578,21.0,2.0,pública
BE,1058,73.0,24.0,2.0,pública
BE,1059,28.0999984741211,8.0,2.0,pública
BE,1060,45.1000022888184,11.0,2.0,pública
BE,1061,51.0,15.0,2.0,pública
BE,1062,57.8000030517578,19.0,2.0,pública
BE,1063,44.2999992370605,14.0,2.0,pública
BE,1064,95.1000061035156,28.0,2.0,pública
BE,1065,21.7000007629395,6.0,2.0,pública
BE,1066,79.0999984741211,24.0,2.0,pública
BE,1067,37.2000007629395,10.0,2.0,pública
BE,1068,54.5,15.0,2.0,pública
BE,1069,68.8000030517578,22.0,2.0,pública
BE,1070,66.7999954223633,24.0,2.0,pública
BE,1071,26.7000007629395,12.0,2.0,pública
BE,1072,49.2999992370605,15.0,2.0,pública
BE,1073,70.0,19.0,2.0,pública
BE,1074,87.2000045776367,27.0,2.0,pública
BE,1075,48.6999969482422,14.0,2.0,pública
BE,1076,53.0,17.0,2.0,pública
BE,1077,48.6000022888184,14.0,2.0,pública
BE,1078,39.2999992370605,14.0,2.0,pública
BE,1079,70.1000061035156,21.0,2.0,pública
BE,1080,30.2000007629395,11.0,2.0,pública
BE,1081,33.4000015258789,12.0,2.0,pública
BE,1082,75.8000030517578,22.0,2.0,pública
BE,1083,77.9000015258789,21.0,2.0,pública
BE,1084,39.1000022888184,11.0,2.0,pública
BE,1085,31.0,9.0,2.0,pública
BE,1086,27.7999992370605,7.0,2.0,pública
BE,1087,70.0,18.0,2.0,pública
BE,1088,48.8999977111816,18.0,2.0,pública
BE,1089,26.1999988555908,8.0,2.0,pública
BE,1090,82.0,25.0,2.0,pública
BE,1091,45.1000022888184,14.0,2.0,pública
BE,1092,73.1999969482422,22.0,2.0,pública
BE,1093,41.7999992370605,15.0,2.0,pública
BE,1094,46.9000015258789,15.0,2.0,pública
BE,1095,57.0,19.0,2.0,pública
BE,1096,31.9000015258789,10.0,2.0,pública
BE,1097,33.8000030517578,13.0,2.0,pública
BF,1098,73.1999969482422,23.0,9.0,privada
BF,1099,66.9000015258789,23.0,9.0,privada
BF,1100,74.8999938964844,26.0,9.0,privada
BF,1101,69.4000015258789,21.0,9.0,privada
BF,1102,77.7999954223633,25.0,9.0,privada
BF,1103,49.7999992370605,17.0,9.0,privada
BF,1104,72.5,22.0,9.0,privada
BF,1105,71.0999984741211,22.0,9.0,privada
BF,1106,53.0999984741211,16.0,9.0,privada
BF,1107,66.0,23.0,9.0,privada
BF,1108,53.0999984741211,18.0,9.0,privada
BF,1109,90.0,30.0,9.0,privada
BF,1110,79.8999938964844,26.0,9.0,privada
BF,1111,67.6999969482422,21.0,9.0,privada
BF,1112,75.6000061035156,24.0,9.0,privada
BF,1113,64.4000015258789,21.0,9.0,privada
BF,1114,70.6999969482422,22.0,9.0,privada
BF,1115,82.6000061035156,27.0,9.0,privada
BF,1116,67.9000015258789,24.0,9.0,privada
BF,1117,54.8999977111816,19.0,9.0,privada
BF,1118,83.9000015258789,29.0,9.0,privada
BF,1119,82.7000045776367,26.0,9.0,privada
BF,1120,67.8000030517578,22.0,9.0,privada
BF,1121,51.7000007629395,18.0,9.0,privada
BF,1122,67.1999969482422,22.0,9.0,privada
BF,1123,56.7999992370605,21.0,9.0,privada
BF,1124,74.1999969482422,25.0,9.0,privada
BF,1125,67.3000030517578,23.0,9.0,privada
BF,1126,80.1000061035156,25.0,9.0,privada
BF,1127,51.3000030517578,18.0,9.0,privada
BF,1128,55.3000030517578,18.0,9.0,privada
BF,1129,49.5,17.0,9.0,privada
BF,1130,66.0,22.0,9.0,privada
BF,1131,82.6000061035156,27.0,9.0,privada
BF,1132,46.1000022888184,15.0,9.0,privada
BF,1133,60.2000007629395,22.0,9.0,privada
BF,1134,82.5,25.0,9.0,privada
BF,1135,68.5999984741211,24.0,9.0,privada
BF,1136,77.3999938964844,26.0,9.0,privada
BF,1137,52.0999984741211,16.0,9.0,privada
BF,1138,74.8999938964844,24.0,9.0,privada
BF,1139,62.0,19.0,9.0,privada
BF,1140,70.6999969482422,24.0,9.0,privada
BF,1141,26.6000003814697,8.0,9.0,privada
BF,1142,86.0,29.0,9.0,privada
BF,1143,87.9000015258789,27.0,9.0,privada
BF,1144,81.5999984741211,28.0,9.0,privada
BF,1145,83.0,28.0,9.0,privada
BF,1146,55.0,17.0,9.0,privada
BF,1147,72.2000045776367,22.0,9.0,privada
BF,1148,46.7000007629395,18.0,9.0,privada
BF,1149,51.3000030517578,17.0,9.0,privada
BF,1150,55.3000030517578,19.0,9.0,privada
BF,1151,82.5,25.0,9.0,privada
BF,1152,76.8000030517578,24.0,9.0,privada
BF,1153,39.5999984741211,15.0,9.0,privada
BF,1154,80.0,27.0,9.0,privada
BG,1155,51.0,19.0,2.0,pública
BG,1156,80.6999969482422,23.0,2.0,pública
BG,1157,37.5,15.0,2.0,pública
BG,1158,53.2999992370605,18.0,2.0,pública
BG,1159,61.5999984741211,20.0,2.0,pública
BG,1160,69.4000015258789,18.0,2.0,pública
BG,1161,100.0,30.0,2.0,pública
BG,1162,78.5999984741211,26.0,2.0,pública
BG,1163,50.7999992370605,13.0,2.0,pública
BG,1164,55.5999984741211,17.0,2.0,pública
BG,1165,47.9000015258789,18.0,2.0,pública
BG,1166,78.5999984741211,23.0,2.0,pública
BG,1167,48.2000007629395,17.0,2.0,pública
BG,1168,96.3000030517578,28.0,2.0,pública
BG,1169,11.3000011444092,4.0,2.0,pública
BG,1170,50.4000015258789,19.0,2.0,pública
BG,1171,45.5,17.0,2.0,pública
BG,1172,80.2999954223633,24.0,2.0,pública
BG,1173,74.2999954223633,20.0,2.0,pública
BG,1174,58.6999969482422,15.0,2.0,pública
BG,1175,60.5999984741211,19.0,2.0,pública
BG,1176,99.5,27.0,2.0,pública
BG,1177,58.2999992370605,18.0,2.0,pública
BG,1178,25.8999996185303,9.0,2.0,pública
BG,1179,57.6000022888184,16.0,2.0,pública
BG,1180,63.6999969482422,20.0,2.0,pública
BG,1181,62.6000022888184,21.0,2.0,pública
BG,1182,68.3000030517578,22.0,2.0,pública
BG,1183,47.9000015258789,15.0,2.0,pública
BG,1184,69.8000030517578,23.0,2.0,pública
BG,1185,37.9000015258789,15.0,2.0,pública
BG,1186,72.0999984741211,20.0,2.0,pública
BG,1187,40.5999984741211,15.0,2.0,pública
BG,1188,81.0,23.0,2.0,pública
BG,1189,48.8000030517578,14.0,2.0,pública
BG,1190,53.2999992370605,14.0,2.0,pública
BG,1191,90.5,27.0,2.0,pública
BG,1192,92.6000061035156,27.0,2.0,pública
BH,1193,80.9000015258789,25.0,18.0,privada
BH,1194,75.7000045776367,23.0,18.0,privada
BH,1195,61.3000030517578,17.0,18.0,privada
BH,1196,85.1000061035156,26.0,18.0,privada
BH,1197,84.7000045776367,26.0,18.0,privada
BH,1198,90.5,27.0,18.0,privada
BH,1199,59.0,17.0,18.0,privada
BH,1200,75.0,21.0,18.0,privada
BH,1201,88.3000030517578,25.0,18.0,privada
BH,1202,36.7999992370605,12.0,18.0,privada
BH,1203,59.5999984741211,17.0,18.0,privada
BH,1204,70.5999984741211,20.0,18.0,privada
BH,1205,63.8000030517578,17.0,18.0,privada
BH,1206,38.9000015258789,10.0,18.0,privada
BH,1207,96.5999984741211,27.0,18.0,privada
BH,1208,72.0,22.0,18.0,privada
BH,1209,90.2999954223633,27.0,18.0,privada
BH,1210,83.5999984741211,24.0,18.0,privada
BH,1211,69.0999984741211,21.0,18.0,privada
BH,1212,63.2999992370605,18.0,18.0,privada
BH,1213,66.0,17.0,18.0,privada
BH,1214,68.3000030517578,20.0,18.0,privada
BH,1215,61.3000030517578,19.0,18.0,privada
BH,1216,60.3000030517578,18.0,18.0,privada
BH,1217,83.1999969482422,22.0,18.0,privada
BH,1218,54.4000015258789,17.0,18.0,privada
BH,1219,61.3999977111816,16.0,18.0,privada
BH,1220,83.4000015258789,25.0,18.0,privada
BH,1221,92.5,25.0,18.0,privada
BH,1222,40.3000030517578,10.0,18.0,privada
BH,1223,92.9000015258789,27.0,18.0,privada
BH,1224,88.8000030517578,27.0,18.0,privada
BH,1225,56.3000030517578,17.0,18.0,privada
BH,1226,62.0,16.0,18.0,privada
BH,1227,44.4000015258789,14.0,18.0,privada
BH,1228,74.5999984741211,20.0,18.0,privada
BH,1229,92.0,28.0,18.0,privada
BH,1230,67.5,20.0,18.0,privada
BH,1231,76.4000015258789,21.0,18.0,privada
BH,1232,69.1999969482422,20.0,18.0,privada
BH,1233,84.7999954223633,23.0,18.0,privada
BH,1234,80.9000015258789,22.0,18.0,privada
BH,1235,60.9000015258789,19.0,18.0,privada
BH,1236,74.1999969482422,20.0,18.0,privada
BH,1237,79.4000015258789,22.0,18.0,privada
BH,1238,49.2000007629395,15.0,18.0,privada
BH,1239,73.9000015258789,20.0,18.0,privada
BH,1240,75.1999969482422,23.0,18.0,privada
BH,1241,47.5,12.0,18.0,privada
BH,1242,69.8999938964844,18.0,18.0,privada
BH,1243,69.1999969482422,19.0,18.0,privada
BH,1244,59.4000015258789,18.0,18.0,privada
BH,1245,67.6000061035156,18.0,18.0,privada
BH,1246,85.5,26.0,18.0,privada
BH,1247,66.3000030517578,17.0,18.0,privada
BH,1248,79.1999969482422,21.0,18.0,privada
BH,1249,94.1999969482422,29.0,18.0,privada
BI,1250,49.0,17.0,2.0,pública
BI,1251,32.2999992370605,12.0,2.0,pública
BI,1252,27.5,12.0,2.0,pública
BI,1253,33.6000022888184,12.0,2.0,pública
BI,1254,79.8999938964844,22.0,2.0,pública
BI,1255,31.5,7.0,2.0,pública
BI,1256,26.9000015258789,10.0,2.0,pública
BI,1257,24.3000011444092,11.0,2.0,pública
BI,1258,39.2999992370605,11.0,2.0,pública
BI,1259,36.5,10.0,2.0,pública
BI,1260,66.0,22.0,2.0,pública
BI,1261,33.2999992370605,12.0,2.0,pública
BI,1262,94.5,27.0,2.0,pública
BI,1263,34.9000015258789,8.0,2.0,pública
BI,1264,47.2999992370605,15.0,2.0,pública
BI,1265,47.5,18.0,2.0,pública
BI,1266,32.1999969482422,10.0,2.0,pública
BI,1267,34.7000007629395,9.0,2.0,pública
BI,1268,49.4000015258789,17.0,2.0,pública
BI,1269,51.5999984741211,13.0,2.0,pública
BI,1270,24.3000011444092,7.0,2.0,pública
BI,1271,37.3999977111816,15.0,2.0,pública
BI,1272,56.1000022888184,14.0,2.0,pública
BI,1273,24.8999996185303,9.0,2.0,pública
BI,1274,31.9000015258789,12.0,2.0,pública
BI,1275,16.1999988555908,5.0,2.0,pública
BI,1276,32.6000022888184,11.0,2.0,pública
BI,1277,36.1999969482422,14.0,2.0,pública
BI,1278,29.6000003814697,12.0,2.0,pública
BI,1279,60.1000022888184,19.0,2.0,pública
BI,1280,13.1999988555908,6.0,2.0,pública
BI,1281,26.3000011444092,9.0,2.0,pública
BI,1282,66.5999984741211,20.0,2.0,pública
BI,1283,26.4000015258789,5.0,2.0,pública
BI,1284,58.0,19.0,2.0,pública
BI,1285,37.4000015258789,12.0,2.0,pública
BI,1286,87.5,27.0,2.0,pública
BI,1287,54.2000007629395,15.0,2.0,pública
BI,1288,36.3000030517578,14.0,2.0,pública
BI,1289,50.2000007629395,16.0,2.0,pública
BI,1290,19.7999992370605,6.0,2.0,pública
BI,1291,56.7000007629395,16.0,2.0,pública
CJ,1292,57.0,16.0,2.0,pública
CJ,1293,51.5,16.0,2.0,pública
CJ,1294,53.2999992370605,17.0,2.0,pública
CJ,1295,77.6000061035156,27.0,2.0,pública
CJ,1296,44.2999992370605,17.0,2.0,pública
CJ,1297,53.4000015258789,17.0,2.0,pública
CJ,1298,76.6999969482422,21.0,2.0,pública
CJ,1299,62.0,21.0,2.0,pública
CJ,1300,45.4000015258789,11.0,2.0,pública
CJ,1301,49.0999984741211,14.0,2.0,pública
CJ,1302,31.9999980926514,11.0,2.0,pública
CJ,1303,63.2999992370605,17.0,2.0,pública
CJ,1304,50.2000007629395,18.0,2.0,pública
CJ,1305,40.0,12.0,2.0,pública
CJ,1306,78.5999984741211,21.0,2.0,pública
CJ,1307,92.9000015258789,26.0,2.0,pública
CJ,1308,25.0,8.0,2.0,pública
CJ,1309,48.2000007629395,12.0,2.0,pública
CJ,1310,52.5,15.0,2.0,pública
CJ,1311,82.0999984741211,27.0,2.0,pública
CJ,1312,77.0999984741211,22.0,2.0,pública
CJ,1313,97.0999984741211,29.0,2.0,pública
CJ,1314,41.7000007629395,15.0,2.0,pública
CJ,1315,71.3000030517578,19.0,2.0,pública
CJ,1316,59.5,15.0,2.0,pública
CJ,1317,13.0999994277954,6.0,2.0,pública
CJ,1318,58.5,18.0,2.0,pública
CJ,1319,80.1000061035156,22.0,2.0,pública
CJ,1320,91.4000015258789,27.0,2.0,pública
CJ,1321,54.0999984741211,18.0,2.0,pública
CJ,1322,65.9000015258789,19.0,2.0,pública
CJ,1323,16.6000003814697,5.0,2.0,pública
CJ,1324,32.8000030517578,13.0,2.0,pública
CJ,1325,27.1000003814697,12.0,2.0,pública
CJ,1326,54.2999992370605,14.0,2.0,pública
CJ,1327,87.6000061035156,27.0,2.0,pública
CJ,1328,34.7999992370605,14.0,2.0,pública
CJ,1329,21.3000011444092,7.0,2.0,pública
CA,1330,71.7999954223633,19.0,2.0,pública
CA,1331,39.2999992370605,13.0,2.0,pública
CA,1332,40.2000007629395,15.0,2.0,pública
CA,1333,49.6999969482422,18.0,2.0,pública
CA,1334,85.6000061035156,24.0,2.0,pública
CA,1335,92.0,26.0,2.0,pública
CA,1336,36.3999977111816,14.0,2.0,pública
CA,1337,33.2000007629395,11.0,2.0,pública
CA,1338,42.8000030517578,11.0,2.0,pública
CA,1339,68.4000015258789,20.0,2.0,pública
CA,1340,69.6999969482422,21.0,2.0,pública
CA,1341,35.7000007629395,13.0,2.0,pública
CA,1342,53.0,15.0,2.0,pública
CA,1343,54.0,18.0,2.0,pública
CA,1344,70.9000015258789,22.0,2.0,pública
CA,1345,64.0,21.0,2.0,pública
CA,1346,63.0999984741211,16.0,2.0,pública
CA,1347,29.2000007629395,12.0,2.0,pública
CA,1348,81.3000030517578,28.0,2.0,pública
CA,1349,76.0999984741211,22.0,2.0,pública
CA,1350,54.4000015258789,18.0,2.0,pública
CA,1351,40.2000007629395,13.0,2.0,pública
CA,1352,58.8999977111816,19.0,2.0,pública
CA,1353,28.0,10.0,2.0,pública
CA,1354,77.2999954223633,27.0,2.0,pública
CA,1355,66.1999969482422,18.0,2.0,pública
CA,1356,59.7999992370605,18.0,2.0,pública
CA,1357,59.5,18.0,2.0,pública
CA,1358,13.5999984741211,8.0,2.0,pública
CA,1359,16.8000011444092,8.0,2.0,pública
CA,1360,60.7000007629395,20.0,2.0,pública
CA,1361,64.5,23.0,2.0,pública
CA,1362,74.3000030517578,24.0,2.0,pública
CA,1363,22.2000007629395,8.0,2.0,pública
CA,1364,93.0,26.0,2.0,pública
CA,1365,67.8000030517578,22.0,2.0,pública
CA,1366,60.3000030517578,19.0,2.0,pública
CA,1367,81.5999984741211,23.0,2.0,pública
CA,1368,70.1000061035156,22.0,2.0,pública
CA,1369,61.5,22.0,2.0,pública
CA,1370,64.2999954223633,17.0,2.0,pública
CA,1371,31.5999984741211,11.0,2.0,pública
CA,1372,51.3000030517578,14.0,2.0,pública
CA,1373,76.0999984741211,22.0,2.0,pública
CA,1374,39.8999977111816,14.0,2.0,pública
CA,1375,43.0999984741211,16.0,2.0,pública
CA,1376,42.8000030517578,10.0,2.0,pública
CA,1377,73.0999984741211,22.0,2.0,pública
CA,1378,67.6999969482422,21.0,2.0,pública
CA,1379,78.1999969482422,24.0,2.0,pública
CA,1380,60.5,21.0,2.0,pública
CA,1381,95.1000061035156,29.0,2.0,pública
CB,1382,38.6000022888184,14.0,9.0,privada
CB,1383,61.1000022888184,19.0,9.0,privada
CB,1384,45.5999984741211,14.0,9.0,privada
CB,1385,55.1000022888184,17.0,9.0,privada
CB,1386,33.8999977111816,11.0,9.0,privada
CB,1387,73.6999969482422,25.0,9.0,privada
CB,1388,55.3000030517578,20.0,9.0,privada
CB,1389,95.6000061035156,26.0,9.0,privada
CB,1390,51.3999977111816,16.0,9.0,privada
CB,1391,59.5999984741211,18.0,9.0,privada
CB,1392,63.2999992370605,17.0,9.0,privada
CB,1393,64.6999969482422,20.0,9.0,privada
CB,1394,57.6000022888184,21.0,9.0,privada
CB,1395,92.6000061035156,28.0,9.0,privada
CB,1396,70.9000015258789,22.0,9.0,privada
CB,1397,59.0,15.0,9.0,privada
CB,1398,31.7999992370605,11.0,9.0,privada
CB,1399,56.3999977111816,17.0,9.0,privada
CB,1400,73.2000045776367,22.0,9.0,privada
CB,1401,66.6999969482422,18.0,9.0,privada
CB,1402,70.6999969482422,23.0,9.0,privada
CB,1403,84.0999984741211,26.0,9.0,privada
CB,1404,56.7000007629395,19.0,9.0,privada
CB,1405,74.8999938964844,21.0,9.0,privada
CB,1406,55.5,16.0,9.0,privada
CB,1407,28.0,10.0,9.0,privada
CB,1408,64.5999984741211,20.0,9.0,privada
CB,1409,75.8000030517578,23.0,9.0,privada
CB,1410,64.8000030517578,22.0,9.0,privada
CB,1411,66.5,20.0,9.0,privada
CB,1412,80.2000045776367,22.0,9.0,privada
CB,1413,58.0999984741211,18.0,9.0,privada
CB,1414,15.8999996185303,8.0,9.0,privada
CB,1415,17.7999992370605,9.0,9.0,privada
CB,1416,70.1000061035156,23.0,9.0,privada
CB,1417,70.6000061035156,22.0,9.0,privada
CB,1418,66.0,18.0,9.0,privada
CB,1419,60.1000022888184,17.0,9.0,privada
CB,1420,45.1000022888184,13.0,9.0,privada
CB,1421,59.2000007629395,15.0,9.0,privada
CB,1422,57.0999984741211,21.0,9.0,privada
CB,1423,62.9000015258789,19.0,9.0,privada
CB,1424,73.1000061035156,22.0,9.0,privada
CB,1425,66.0,20.0,9.0,privada
CB,1426,88.8000030517578,26.0,9.0,privada
CC,1427,80.8000030517578,23.0,10.0,privada
CC,1428,56.7999992370605,15.0,10.0,privada
CC,1429,66.4000015258789,17.0,10.0,privada
CC,1430,96.1999969482422,28.0,10.0,privada
CC,1431,49.2999992370605,15.0,10.0,privada
CC,1432,64.6999969482422,19.0,10.0,privada
CC,1433,93.3000030517578,27.0,10.0,privada
CC,1434,79.4000015258789,24.0,10.0,privada
CC,1435,73.4000015258789,21.0,10.0,privada
CC,1436,70.4000015258789,20.0,10.0,privada
CC,1437,96.5,26.0,10.0,privada
CC,1438,60.0,18.0,10.0,privada
CC,1439,48.8999977111816,14.0,10.0,privada
CC,1440,87.5,26.0,10.0,privada
CC,1441,55.5,17.0,10.0,privada
CC,1442,63.0999984741211,18.0,10.0,privada
CC,1443,61.1000022888184,17.0,10.0,privada
CC,1444,94.5999984741211,26.0,10.0,privada
CC,1445,92.2999954223633,26.0,10.0,privada
CC,1446,57.0,15.0,10.0,privada
CC,1447,87.0,24.0,10.0,privada
CC,1448,69.0999984741211,20.0,10.0,privada
CC,1449,82.0999984741211,22.0,10.0,privada
CC,1450,78.5999984741211,22.0,10.0,privada
CC,1451,86.0999984741211,23.0,10.0,privada
CC,1452,86.5999984741211,26.0,10.0,privada
CC,1453,88.4000015258789,25.0,10.0,privada
CC,1454,45.3000030517578,11.0,10.0,privada
CC,1455,92.7000045776367,26.0,10.0,privada
CC,1456,90.2999954223633,28.0,10.0,privada
CC,1457,85.8000030517578,25.0,10.0,privada
CC,1458,77.5,24.0,10.0,privada
CC,1459,80.0,24.0,10.0,privada
CC,1460,37.5,10.0,10.0,privada
CC,1461,85.0,26.0,10.0,privada
CC,1462,86.0999984741211,25.0,10.0,privada
CC,1463,89.0,25.0,10.0,privada
CC,1464,52.7000007629395,13.0,10.0,privada
CC,1465,74.0999984741211,23.0,10.0,privada
CC,1466,93.4000015258789,28.0,10.0,privada
CC,1467,70.1000061035156,19.0,10.0,privada
CC,1468,91.8999938964844,27.0,10.0,privada
CC,1469,90.6999969482422,27.0,10.0,privada
CC,1470,98.5,29.0,10.0,privada
CC,1471,54.0,14.0,10.0,privada
CC,1472,100.0,29.0,10.0,privada
CC,1473,36.3000030517578,8.0,10.0,privada
CD,1474,32.7999992370605,7.0,2.0,pública
CD,1475,34.7999992370605,12.0,2.0,pública
CD,1476,37.0999984741211,14.0,2.0,pública
CD,1477,60.0,18.0,2.0,pública
CD,1478,84.7999954223633,23.0,2.0,pública
CD,1479,47.6000022888184,17.0,2.0,pública
CD,1480,69.5,22.0,2.0,pública
CD,1481,35.3000030517578,12.0,2.0,pública
CD,1482,35.7000007629395,8.0,2.0,pública
CD,1483,87.3999938964844,27.0,2.0,pública
CD,1484,28.1999988555908,11.0,2.0,pública
CD,1485,79.8999938964844,24.0,2.0,pública
CD,1486,35.7999992370605,14.0,2.0,pública
CD,1487,40.3000030517578,11.0,2.0,pública
CD,1488,51.1999969482422,16.0,2.0,pública
CD,1489,84.5,25.0,2.0,pública
CD,1490,48.4000015258789,17.0,2.0,pública
CD,1491,29.5,10.0,2.0,pública
CD,1492,53.5,16.0,2.0,pública
CD,1493,99.5,29.0,2.0,pública
CD,1494,35.7999992370605,9.0,2.0,pública
CD,1495,91.5999984741211,25.0,2.0,pública
CD,1496,65.1999969482422,17.0,2.0,pública
CD,1497,35.7999992370605,11.0,2.0,pública
CD,1498,68.0999984741211,22.0,2.0,pública
CE,1499,47.5,14.0,2.0,pública
CE,1500,60.2000007629395,16.0,2.0,pública
CE,1501,59.7999992370605,17.0,2.0,pública
CE,1502,47.3999977111816,13.0,2.0,pública
CE,1503,45.7999992370605,17.0,2.0,pública
CE,1504,48.5,14.0,2.0,pública
CE,1505,67.5,23.0,2.0,pública
CE,1506,65.0,17.0,2.0,pública
CE,1507,56.7000007629395,20.0,2.0,pública
CE,1508,94.8999938964844,26.0,2.0,pública
CE,1509,72.6000061035156,24.0,2.0,pública
CE,1510,59.2999992370605,18.0,2.0,pública
CE,1511,62.7000007629395,18.0,2.0,pública
CE,1512,49.6999969482422,17.0,2.0,pública
CE,1513,36.5999984741211,14.0,2.0,pública
CE,1514,100.0,29.0,2.0,pública
CE,1515,47.9000015258789,15.0,2.0,pública
CE,1516,41.3999977111816,10.0,2.0,pública
CE,1517,60.7000007629395,16.0,2.0,pública
CE,1518,30.0,6.0,2.0,pública
CE,1519,84.0,28.0,2.0,pública
CE,1520,80.5,27.0,2.0,pública
CE,1521,53.4000015258789,18.0,2.0,pública
CE,1522,78.8000030517578,24.0,2.0,pública
CE,1523,10.5,6.0,2.0,pública
CE,1524,40.2000007629395,15.0,2.0,pública
CE,1525,72.0999984741211,23.0,2.0,pública
CE,1526,35.0,11.0,2.0,pública
CE,1527,50.5,15.0,2.0,pública
CE,1528,69.5,21.0,2.0,pública
CE,1529,42.1999969482422,13.0,2.0,pública
CE,1530,80.6000061035156,22.0,2.0,pública
CE,1531,73.5999984741211,26.0,2.0,pública
CE,1532,69.0,23.0,2.0,pública
CE,1533,42.8000030517578,13.0,2.0,pública
CE,1534,54.0999984741211,14.0,2.0,pública
CE,1535,47.7000007629395,16.0,2.0,pública
CE,1536,46.0,15.0,2.0,pública
CE,1537,36.0,12.0,2.0,pública
CE,1538,94.0,26.0,2.0,pública
CE,1539,22.2999992370605,7.0,2.0,pública
CE,1540,60.5,19.0,2.0,pública
CE,1541,68.9000015258789,21.0,2.0,pública
CE,1542,57.0999984741211,21.0,2.0,pública
CE,1543,49.2999992370605,12.0,2.0,pública
CE,1544,51.3000030517578,14.0,2.0,pública
CE,1545,69.8000030517578,18.0,2.0,pública
CE,1546,47.7000007629395,18.0,2.0,pública
CE,1547,56.0,14.0,2.0,pública
CE,1548,78.5999984741211,27.0,2.0,pública
CE,1549,26.3000011444092,5.0,2.0,pública
CE,1550,42.3999977111816,14.0,2.0,pública
CE,1551,88.3000030517578,24.0,2.0,pública
CE,1552,96.0999984741211,27.0,2.0,pública
CE,1553,24.2000007629395,10.0,2.0,pública
CF,1554,68.4000015258789,24.0,2.0,pública
CF,1555,89.3000030517578,27.0,2.0,pública
CF,1556,66.1999969482422,21.0,2.0,pública
CF,1557,68.5,24.0,2.0,pública
CF,1558,61.0,21.0,2.0,pública
CF,1559,65.0,22.0,2.0,pública
CF,1560,57.8000030517578,16.0,2.0,pública
CF,1561,52.5,16.0,2.0,pública
CF,1562,35.2000007629395,11.0,2.0,pública
CF,1563,90.2999954223633,26.0,2.0,pública
CF,1564,92.7999954223633,25.0,2.0,pública
CF,1565,41.7999992370605,15.0,2.0,pública
CF,1566,78.8000030517578,27.0,2.0,pública
CF,1567,35.3000030517578,11.0,2.0,pública
CF,1568,51.5999984741211,18.0,2.0,pública
CF,1569,79.1999969482422,21.0,2.0,pública
CF,1570,67.1999969482422,21.0,2.0,pública
CF,1571,71.4000015258789,22.0,2.0,pública
CF,1572,54.6999969482422,18.0,2.0,pública
CF,1573,64.1999969482422,19.0,2.0,pública
CF,1574,53.2999992370605,13.0,2.0,pública
CF,1575,67.0,23.0,2.0,pública
CF,1576,84.8999938964844,23.0,2.0,pública
CF,1577,90.6999969482422,27.0,2.0,pública
CF,1578,60.4000015258789,18.0,2.0,pública
CF,1579,47.1999969482422,15.0,2.0,pública
CF,1580,59.2000007629395,17.0,2.0,pública
CF,1581,64.5,19.0,2.0,pública
CF,1582,84.7999954223633,26.0,2.0,pública
CF,1583,66.4000015258789,21.0,2.0,pública
CF,1584,84.8999938964844,24.0,2.0,pública
CF,1585,43.6999969482422,14.0,2.0,pública
CF,1586,78.8000030517578,25.0,2.0,pública
CF,1587,50.2000007629395,16.0,2.0,pública
CF,1588,60.5999984741211,20.0,2.0,pública
CF,1589,40.4000015258789,15.0,2.0,pública
CF,1590,69.6999969482422,23.0,2.0,pública
CF,1591,37.0999984741211,12.0,2.0,pública
CF,1592,37.0,13.0,2.0,pública
CF,1593,44.5999984741211,12.0,2.0,pública
CF,1594,59.0999984741211,20.0,2.0,pública
CF,1595,69.5999984741211,21.0,2.0,pública
CG,1596,51.5999984741211,19.0,2.0,pública
CG,1597,23.0,9.0,2.0,pública
CG,1598,42.7000007629395,12.0,2.0,pública
CG,1599,67.3999938964844,19.0,2.0,pública
CG,1600,57.5,18.0,2.0,pública
CG,1601,69.0,24.0,2.0,pública
CG,1602,24.5,7.0,2.0,pública
CG,1603,30.2000007629395,13.0,2.0,pública
CG,1604,80.0,27.0,2.0,pública
CG,1605,30.7999992370605,10.0,2.0,pública
CG,1606,45.3000030517578,11.0,2.0,pública
CG,1607,40.3000030517578,11.0,2.0,pública
CG,1608,23.1999988555908,10.0,2.0,pública
CG,1609,38.5,10.0,2.0,pública
CG,1610,62.0999984741211,18.0,2.0,pública
CG,1611,20.2999992370605,9.0,2.0,pública
CG,1612,80.4000015258789,22.0,2.0,pública
CG,1613,23.5999984741211,6.0,2.0,pública
CG,1614,61.1000022888184,21.0,2.0,pública
CG,1615,36.5,14.0,2.0,pública
CG,1616,16.9000015258789,9.0,2.0,pública
CG,1617,31.7999992370605,13.0,2.0,pública
CG,1618,29.7000007629395,7.0,2.0,pública
CG,1619,48.0999984741211,18.0,2.0,pública
CG,1620,19.3000011444092,7.0,2.0,pública
CG,1621,97.9000015258789,29.0,2.0,pública
CG,1622,58.4000015258789,18.0,2.0,pública
CG,1623,59.2000007629395,19.0,2.0,pública
CG,1624,69.0999984741211,22.0,2.0,pública
CG,1625,61.5,21.0,2.0,pública
CG,1626,69.8999938964844,18.0,2.0,pública
CG,1627,20.2000007629395,10.0,2.0,pública
CG,1628,43.2999992370605,11.0,2.0,pública
CG,1629,29.7999992370605,9.0,2.0,pública
CG,1630,66.0,19.0,2.0,pública
CG,1631,82.7000045776367,22.0,2.0,pública
CG,1632,64.8000030517578,23.0,2.0,pública
CG,1633,36.3999977111816,12.0,2.0,pública
CG,1634,34.2999992370605,14.0,2.0,pública
CG,1635,21.3000011444092,8.0,2.0,pública
CG,1636,35.4000015258789,11.0,2.0,pública
CG,1637,24.7999992370605,9.0,2.0,pública
CG,1638,20.3999996185303,8.0,2.0,pública
CH,1639,98.8000030517578,25.0,20.0,privada
CH,1640,97.0,25.0,20.0,privada
CH,1641,100.600006103516,25.0,20.0,privada
CH,1642,95.9000015258789,24.0,20.0,privada
CH,1643,102.399993896484,28.0,20.0,privada
CH,1644,76.5,19.0,20.0,privada
CH,1645,108.0,31.0,20.0,privada
CH,1646,91.4000015258789,25.0,20.0,privada
CH,1647,101.300003051758,26.0,20.0,privada
CH,1648,80.9000015258789,22.0,20.0,privada
CH,1649,94.3000030517578,24.0,20.0,privada
CH,1650,106.300003051758,28.0,20.0,privada
CH,1651,85.3999938964844,22.0,20.0,privada
CH,1652,99.5,27.0,20.0,privada
CH,1653,106.300003051758,28.0,20.0,privada
CH,1654,79.7999954223633,21.0,20.0,privada
CH,1655,76.0999984741211,20.0,20.0,privada
CH,1656,96.5999984741211,24.0,20.0,privada
CH,1657,85.0,22.0,20.0,privada
CH,1658,94.4000015258789,23.0,20.0,privada
CH,1659,97.5999984741211,24.0,20.0,privada
CH,1660,82.8000030517578,20.0,20.0,privada
CH,1661,83.1999969482422,20.0,20.0,privada
CH,1662,101.900001525879,29.0,20.0,privada
CH,1663,91.6999969482422,23.0,20.0,privada
CH,1664,106.5,30.0,20.0,privada
CH,1665,69.8000030517578,16.0,20.0,privada
CH,1666,88.0,24.0,20.0,privada
CH,1667,91.1999969482422,25.0,20.0,privada
CH,1668,92.7999954223633,24.0,20.0,privada
CH,1669,102.300003051758,28.0,20.0,privada
CH,1670,90.5,25.0,20.0,privada
CH,1671,84.6999969482422,23.0,20.0,privada
CH,1672,100.099998474121,26.0,20.0,privada
CH,1673,88.2999954223633,24.0,20.0,privada
CH,1674,85.8000030517578,23.0,20.0,privada
CH,1675,62.6999969482422,14.0,20.0,privada
CH,1676,89.8000030517578,23.0,20.0,privada
CH,1677,95.3999938964844,26.0,20.0,privada
CH,1678,76.2000045776367,18.0,20.0,privada
CH,1679,95.7000045776367,25.0,20.0,privada
CH,1680,85.9000015258789,21.0,20.0,privada
CH,1681,63.9000015258789,15.0,20.0,privada
CH,1682,54.5999984741211,11.0,20.0,privada
CH,1683,88.0,24.0,20.0,privada
CH,1684,97.7000045776367,25.0,20.0,privada
CH,1685,65.6999969482422,17.0,20.0,privada
CH,1686,77.0999984741211,18.0,20.0,privada
CI,1687,74.6999969482422,21.0,2.0,pública
CI,1688,38.5999984741211,12.0,2.0,pública
CI,1689,57.6000022888184,19.0,2.0,pública
CI,1690,55.7000007629395,15.0,2.0,pública
CI,1691,66.3000030517578,18.0,2.0,pública
CI,1692,65.3000030517578,21.0,2.0,pública
CI,1693,97.5,29.0,2.0,pública
CI,1694,40.4000015258789,16.0,2.0,pública
CI,1695,68.5,21.0,2.0,pública
CI,1696,48.8000030517578,13.0,2.0,pública
CI,1697,28.5999984741211,9.0,2.0,pública
CI,1698,32.7000007629395,13.0,2.0,pública
CI,1699,40.7000007629395,13.0,2.0,pública
CI,1700,40.7000007629395,12.0,2.0,pública
CI,1701,79.1999969482422,22.0,2.0,pública
CI,1702,27.2999992370605,11.0,2.0,pública
CI,1703,93.8000030517578,29.0,2.0,pública
CI,1704,20.3999996185303,9.0,2.0,pública
CI,1705,42.2999992370605,16.0,2.0,pública
CI,1706,70.3000030517578,22.0,2.0,pública
CI,1707,38.8999977111816,14.0,2.0,pública
CI,1708,71.7999954223633,19.0,2.0,pública
CI,1709,36.5,8.0,2.0,pública
CI,1710,55.2000007629395,17.0,2.0,pública
CI,1711,37.0999984741211,10.0,2.0,pública
CI,1712,73.5999984741211,25.0,2.0,pública
CI,1713,17.0,6.0,2.0,pública
CI,1714,91.3000030517578,27.0,2.0,pública
CI,1715,59.8999977111816,15.0,2.0,pública
CI,1716,32.2999992370605,10.0,2.0,pública
CI,1717,29.7999992370605,7.0,2.0,pública
CI,1718,61.1000022888184,20.0,2.0,pública
CI,1719,46.3000030517578,16.0,2.0,pública
CI,1720,26.1999988555908,7.0,2.0,pública
CI,1721,43.0,16.0,2.0,pública
CI,1722,30.0,7.0,2.0,pública
CI,1723,51.9000015258789,14.0,2.0,pública
CI,1724,47.0,12.0,2.0,pública
CI,1725,74.8999938964844,23.0,2.0,pública
CI,1726,55.7999992370605,17.0,2.0,pública
CI,1727,15.6999988555908,7.0,2.0,pública
CI,1728,56.1000022888184,19.0,2.0,pública
CI,1729,81.1999969482422,25.0,2.0,pública
CI,1730,78.5999984741211,27.0,2.0,pública
CI,1731,33.0999984741211,7.0,2.0,pública
CI,1732,15.6999988555908,6.0,2.0,pública
DJ,1733,92.0999984741211,26.0,2.0,pública
DJ,1734,89.8999938964844,27.0,2.0,pública
DJ,1735,30.0,8.0,2.0,pública
DJ,1736,22.2000007629395,7.0,2.0,pública
DJ,1737,67.3000030517578,23.0,2.0,pública
DJ,1738,57.7000007629395,19.0,2.0,pública
DJ,1739,87.6000061035156,26.0,2.0,pública
DJ,1740,87.5,26.0,2.0,pública
DJ,1741,76.5999984741211,26.0,2.0,pública
DJ,1742,48.8999977111816,14.0,2.0,pública
DJ,1743,55.5,17.0,2.0,pública
DJ,1744,78.2000045776367,22.0,2.0,pública
DJ,1745,57.0999984741211,20.0,2.0,pública
DJ,1746,68.5,21.0,2.0,pública
DJ,1747,90.0,26.0,2.0,pública
DJ,1748,60.4000015258789,19.0,2.0,pública
DJ,1749,63.8999977111816,19.0,2.0,pública
DJ,1750,27.7000007629395,10.0,2.0,pública
DJ,1751,58.0,15.0,2.0,pública
DJ,1752,66.4000015258789,20.0,2.0,pública
DJ,1753,34.8999977111816,14.0,2.0,pública
DJ,1754,79.1999969482422,21.0,2.0,pública
DJ,1755,86.1999969482422,24.0,2.0,pública
DJ,1756,53.5,16.0,2.0,pública
DJ,1757,15.3999996185303,6.0,2.0,pública
DJ,1758,49.6999969482422,17.0,2.0,pública
DJ,1759,53.2000007629395,15.0,2.0,pública
DJ,1760,73.5999984741211,20.0,2.0,pública
DJ,1761,75.7000045776367,20.0,2.0,pública
DJ,1762,44.4000015258789,11.0,2.0,pública
DJ,1763,92.5,28.0,2.0,pública
DJ,1764,48.6000022888184,12.0,2.0,pública
DJ,1765,33.5,12.0,2.0,pública
DJ,1766,53.5,17.0,2.0,pública
DJ,1767,61.1999969482422,20.0,2.0,pública
DJ,1768,65.8000030517578,20.0,2.0,pública
DJ,1769,18.5999984741211,8.0,2.0,pública
DJ,1770,74.0,22.0,2.0,pública
DJ,1771,48.6000022888184,12.0,2.0,pública
DJ,1772,40.5999984741211,14.0,2.0,pública
DJ,1773,46.9000015258789,13.0,2.0,pública
DJ,1774,65.3000030517578,18.0,2.0,pública
DJ,1775,88.0,24.0,2.0,pública
DJ,1776,35.1000022888184,11.0,2.0,pública
DJ,1777,72.3999938964844,22.0,2.0,pública
DJ,1778,35.0999984741211,10.0,2.0,pública
DJ,1779,74.8999938964844,23.0,2.0,pública
DJ,1780,92.2999954223633,28.0,2.0,pública
DJ,1781,25.1000003814697,6.0,2.0,pública
DJ,1782,84.8999938964844,25.0,2.0,pública
DJ,1783,83.9000015258789,29.0,2.0,pública
DJ,1784,72.6000061035156,20.0,2.0,pública
DJ,1785,69.6999969482422,20.0,2.0,pública
DA,1786,33.2999992370605,12.0,19.0,privada
DA,1787,46.5999984741211,17.0,19.0,privada
DA,1788,75.8000030517578,26.0,19.0,privada
DA,1789,81.5,25.0,19.0,privada
DA,1790,64.5,23.0,19.0,privada
DA,1791,79.8999938964844,26.0,19.0,privada
DA,1792,69.2999954223633,21.0,19.0,privada
DA,1793,74.8999938964844,24.0,19.0,privada
DA,1794,52.2999992370605,18.0,19.0,privada
DA,1795,39.6999969482422,15.0,19.0,privada
DA,1796,53.2999992370605,17.0,19.0,privada
DA,1797,51.3000030517578,19.0,19.0,privada
DA,1798,30.3000030517578,11.0,19.0,privada
DA,1799,49.2999992370605,15.0,19.0,privada
DA,1800,79.0999984741211,24.0,19.0,privada
DA,1801,64.0999984741211,21.0,19.0,privada
DA,1802,59.2999992370605,19.0,19.0,privada
DA,1803,59.0,20.0,19.0,privada
DA,1804,65.5,22.0,19.0,privada
DA,1805,68.0,23.0,19.0,privada
DA,1806,82.0999984741211,26.0,19.0,privada
DA,1807,88.1000061035156,27.0,19.0,privada
DA,1808,90.0,28.0,19.0,privada
DA,1809,83.6999969482422,28.0,19.0,privada
DA,1810,64.8999938964844,22.0,19.0,privada
DA,1811,66.1999969482422,22.0,19.0,privada
DA,1812,58.8000030517578,19.0,19.0,privada
DA,1813,69.5999984741211,23.0,19.0,privada
DA,1814,11.4000015258789,4.0,19.0,privada
DA,1815,57.2999992370605,18.0,19.0,privada
DA,1816,78.5999984741211,24.0,19.0,privada
DA,1817,41.5999984741211,16.0,19.0,privada
DA,1818,68.3000030517578,24.0,19.0,privada
DA,1819,61.3000030517578,19.0,19.0,privada
DA,1820,51.7000007629395,17.0,19.0,privada
DA,1821,43.2999992370605,16.0,19.0,privada
DA,1822,28.8000011444092,11.0,19.0,privada
DA,1823,49.5999984741211,15.0,19.0,privada
DA,1824,36.1999969482422,13.0,19.0,privada
DA,1825,56.7000007629395,18.0,19.0,privada
DA,1826,79.8999938964844,26.0,19.0,privada
DA,1827,28.9000015258789,10.0,19.0,privada
DA,1828,81.8999938964844,26.0,19.0,privada
DA,1829,69.1999969482422,23.0,19.0,privada
DA,1830,72.3999938964844,22.0,19.0,privada
DA,1831,69.2999954223633,24.0,19.0,privada
DA,1832,47.9000015258789,15.0,19.0,privada
DA,1833,75.9000015258789,25.0,19.0,privada
DA,1834,73.6999969482422,25.0,19.0,privada
DA,1835,69.1999969482422,21.0,19.0,privada
DA,1836,66.5,19.0,19.0,privada
DA,1837,46.1999969482422,15.0,19.0,privada
DA,1838,72.0,23.0,19.0,privada
DA,1839,17.2999992370605,8.0,19.0,privada
DA,1840,75.9000015258789,24.0,19.0,privada
DA,1841,68.3000030517578,23.0,19.0,privada
DA,1842,57.6000022888184,21.0,19.0,privada
DA,1843,24.7999992370605,9.0,19.0,privada
DA,1844,51.3999977111816,18.0,19.0,privada
DB,1845,92.9000015258789,28.0,9.0,privada
DB,1846,74.5,21.0,9.0,privada
DB,1847,89.0999984741211,25.0,9.0,privada
DB,1848,94.3000030517578,27.0,9.0,privada
DB,1849,58.6999969482422,16.0,9.0,privada
DB,1850,75.1000061035156,22.0,9.0,privada
DB,1851,41.1000022888184,11.0,9.0,privada
DB,1852,73.6999969482422,21.0,9.0,privada
DB,1853,85.9000015258789,23.0,9.0,privada
DB,1854,81.0,23.0,9.0,privada
DB,1855,87.0,27.0,9.0,privada
DB,1856,63.6000022888184,19.0,9.0,privada
DB,1857,50.7000007629395,13.0,9.0,privada
DB,1858,99.5,30.0,9.0,privada
DB,1859,78.5999984741211,24.0,9.0,privada
DB,1860,83.4000015258789,23.0,9.0,privada
DB,1861,86.0,26.0,9.0,privada
DB,1862,68.9000015258789,20.0,9.0,privada
DB,1863,79.8000030517578,22.0,9.0,privada
DB,1864,94.5999984741211,27.0,9.0,privada
DB,1865,59.8999977111816,18.0,9.0,privada
DC,1866,57.9000015258789,18.0,2.0,pública
DC,1867,81.6999969482422,27.0,2.0,pública
DC,1868,30.7000007629395,10.0,2.0,pública
DC,1869,61.7000007629395,20.0,2.0,pública
DC,1870,52.6000022888184,18.0,2.0,pública
DC,1871,48.4000015258789,16.0,2.0,pública
DC,1872,19.6000003814697,9.0,2.0,pública
DC,1873,50.4000015258789,18.0,2.0,pública
DC,1874,42.2999992370605,16.0,2.0,pública
DC,1875,35.4000015258789,11.0,2.0,pública
DC,1876,42.3999977111816,12.0,2.0,pública
DC,1877,41.3999977111816,12.0,2.0,pública
DC,1878,71.4000015258789,22.0,2.0,pública
DC,1879,42.6000022888184,11.0,2.0,pública
DC,1880,63.4000015258789,17.0,2.0,pública
DC,1881,71.4000015258789,21.0,2.0,pública
DC,1882,32.2999992370605,8.0,2.0,pública
DC,1883,40.0,13.0,2.0,pública
DC,1884,78.3000030517578,21.0,2.0,pública
DC,1885,78.9000015258789,24.0,2.0,pública
DC,1886,51.7999992370605,16.0,2.0,pública
DC,1887,37.7999992370605,9.0,2.0,pública
DC,1888,28.6999988555908,8.0,2.0,pública
DC,1889,34.9000015258789,8.0,2.0,pública
DC,1890,43.6000022888184,14.0,2.0,pública
DC,1891,40.7000007629395,16.0,2.0,pública
DC,1892,38.4000015258789,13.0,2.0,pública
DC,1893,31.7999992370605,11.0,2.0,pública
DC,1894,71.0999984741211,23.0,2.0,pública
DC,1895,38.4000015258789,13.0,2.0,pública
DC,1896,32.3999977111816,11.0,2.0,pública
DC,1897,67.0,21.0,2.0,pública
DC,1898,42.3999977111816,14.0,2.0,pública
DC,1899,32.1999969482422,10.0,2.0,pública
DC,1900,73.1999969482422,22.0,2.0,pública
DC,1901,44.0,15.0,2.0,pública
DC,1902,27.2000007629395,10.0,2.0,pública
DC,1903,68.8000030517578,20.0,2.0,pública
DC,1904,76.5,23.0,2.0,pública
DD,1905,53.0,16.0,2.0,pública
DD,1906,66.6999969482422,23.0,2.0,pública
DD,1907,42.8000030517578,13.0,2.0,pública
DD,1908,35.2000007629395,14.0,2.0,pública
DD,1909,65.1999969482422,19.0,2.0,pública
DD,1910,100.0,31.0,2.0,pública
DD,1911,84.5,28.0,2.0,pública
DD,1912,67.3999938964844,18.0,2.0,pública
DD,1913,71.1999969482422,19.0,2.0,pública
DD,1914,68.8000030517578,21.0,2.0,pública
DD,1915,57.2999992370605,21.0,2.0,pública
DD,1916,100.0,31.0,2.0,pública
DD,1917,43.6999969482422,17.0,2.0,pública
DD,1918,94.7000045776367,26.0,2.0,pública
DD,1919,54.8999977111816,18.0,2.0,pública
DD,1920,82.7000045776367,23.0,2.0,pública
DD,1921,47.0999984741211,15.0,2.0,pública
DD,1922,80.2000045776367,23.0,2.0,pública
DD,1923,92.2000045776367,25.0,2.0,pública
DD,1924,66.0999984741211,19.0,2.0,pública
DD,1925,96.5999984741211,26.0,2.0,pública
DD,1926,22.7000007629395,7.0,2.0,pública
DD,1927,34.5,11.0,2.0,pública
DD,1928,74.8999938964844,24.0,2.0,pública
DD,1929,12.6000003814697,4.0,2.0,pública
DD,1930,37.0999984741211,11.0,2.0,pública
DD,1931,83.0,26.0,2.0,pública
DD,1932,33.6999969482422,10.0,2.0,pública
DD,1933,84.3000030517578,24.0,2.0,pública
DD,1934,27.1000003814697,12.0,2.0,pública
DD,1935,71.1999969482422,21.0,2.0,pública
DD,1936,42.8000030517578,15.0,2.0,pública
DD,1937,92.3999938964844,26.0,2.0,pública
DD,1938,76.8000030517578,27.0,2.0,pública
DD,1939,73.5999984741211,23.0,2.0,pública
DD,1940,84.5,23.0,2.0,pública
DD,1941,46.3999977111816,12.0,2.0,pública
DD,1942,47.6000022888184,16.0,2.0,pública
DD,1943,88.5,26.0,2.0,pública
DD,1944,38.6000022888184,13.0,2.0,pública
DD,1945,53.2999992370605,17.0,2.0,pública
DD,1946,74.8999938964844,21.0,2.0,pública
DD,1947,46.5,15.0,2.0,pública
DD,1948,21.4000015258789,6.0,2.0,pública
DD,1949,69.0999984741211,19.0,2.0,pública
DD,1950,15.0,6.0,2.0,pública
DD,1951,63.0,19.0,2.0,pública
DD,1952,55.7999992370605,14.0,2.0,pública
DD,1953,40.1000022888184,16.0,2.0,pública
DD,1954,53.2999992370605,17.0,2.0,pública
DD,1955,72.7000045776367,25.0,2.0,pública
DD,1956,70.8000030517578,25.0,2.0,pública
DE,1957,62.6000022888184,16.0,2.0,pública
DE,1958,66.5,21.0,2.0,pública
DE,1959,82.3999938964844,27.0,2.0,pública
DE,1960,94.5,28.0,2.0,pública
DE,1961,21.4000015258789,8.0,2.0,pública
DE,1962,66.5999984741211,20.0,2.0,pública
DE,1963,81.0,25.0,2.0,pública
DE,1964,24.8999996185303,11.0,2.0,pública
DE,1965,55.1000022888184,19.0,2.0,pública
DE,1966,64.8000030517578,20.0,2.0,pública
DE,1967,64.0999984741211,22.0,2.0,pública
DE,1968,75.2000045776367,26.0,2.0,pública
DE,1969,94.5,29.0,2.0,pública
DE,1970,93.3000030517578,28.0,2.0,pública
DE,1971,61.3000030517578,18.0,2.0,pública
DE,1972,36.3999977111816,14.0,2.0,pública
DE,1973,100.0,31.0,2.0,pública
DE,1974,61.3999977111816,22.0,2.0,pública
DE,1975,57.2999992370605,20.0,2.0,pública
DE,1976,93.9000015258789,28.0,2.0,pública
DE,1977,57.2999992370605,17.0,2.0,pública
DE,1978,34.8999977111816,11.0,2.0,pública
DE,1979,39.5999984741211,12.0,2.0,pública
DE,1980,69.0,23.0,2.0,pública
DE,1981,63.0999984741211,22.0,2.0,pública
DE,1982,40.2000007629395,13.0,2.0,pública
DE,1983,64.8999938964844,23.0,2.0,pública
DE,1984,55.3000030517578,14.0,2.0,pública
DE,1985,51.5,19.0,2.0,pública
DE,1986,49.7999992370605,13.0,2.0,pública
DE,1987,86.0999984741211,26.0,2.0,pública
DE,1988,49.2999992370605,17.0,2.0,pública
DE,1989,70.4000015258789,22.0,2.0,pública
DE,1990,84.0,27.0,2.0,pública
DE,1991,38.9000015258789,11.0,2.0,pública
DE,1992,65.9000015258789,19.0,2.0,pública
DE,1993,65.8000030517578,19.0,2.0,pública
DE,1994,53.2999992370605,17.0,2.0,pública
DF,1995,44.0,15.0,2.0,pública
DF,1996,38.5,15.0,2.0,pública
DF,1997,37.6000022888184,13.0,2.0,pública
DF,1998,41.0,13.0,2.0,pública
DF,1999,38.2000007629395,12.0,2.0,pública
DF,2000,56.5999984741211,17.0,2.0,pública
